semana,fecha_lunes,anio_iso,semana_iso,sku,ventas_cajas,dias_sin_stock,promocion,precio_lista_clp,precio_efectivo_clp
1,2023-10-02,2023,40,NEC-D05,1209.0,0.0,0,6620,6620
2,2023-10-09,2023,41,NEC-D05,1095.0,0.0,0,6620,6620
3,2023-10-16,2023,42,NEC-D05,1345.0,0.0,0,6620,6620
4,2023-10-23,2023,43,NEC-D05,1888.0,0.0,1,6620,4819
5,2023-10-30,2023,44,NEC-D05,991.0,0.0,0,6620,6620
6,2023-11-06,2023,45,NEC-D05,1138.0,0.0,0,6620,6620
7,2023-11-13,2023,46,NEC-D05,1207.0,0.0,0,6620,6620
8,2023-11-20,2023,47,NEC-D05,1189.0,0.0,0,6620,6620
9,2023-11-27,2023,48,NEC-D05,924.0,0.0,0,6620,6620
10,2023-12-04,2023,49,NEC-D05,901.0,0.0,0,6620,6620
11,2023-12-11,2023,50,NEC-D05,1339.0,0.0,0,6620,6620
12,2023-12-18,2023,51,NEC-D05,1057.0,0.0,0,6620,6620
13,2023-12-25,2023,52,NEC-D05,1327.0,0.0,0,6620,6620
14,2024-01-01,2024,1,NEC-D05,1213.0,0.0,0,6620,6620
15,2024-01-08,2024,2,NEC-D05,1228.0,0.0,0,6620,6620
16,2024-01-15,2024,3,NEC-D05,1648.0,0.0,1,6620,5062
17,2024-01-22,2024,4,NEC-D05,1001.0,0.0,0,6620,6620
18,2024-01-29,2024,5,NEC-D05,1335.0,0.0,0,6620,6620
19,2024-02-05,2024,6,NEC-D05,1694.0,0.0,0,6620,6620
20,2024-02-12,2024,7,NEC-D05,1639.0,0.0,0,6620,6620
21,2024-02-19,2024,8,NEC-D05,1734.0,0.0,0,6620,6620
22,2024-02-26,2024,9,NEC-D05,1322.0,0.0,0,6620,6620
23,2024-03-04,2024,10,NEC-D05,1359.0,0.0,0,6620,6620
24,2024-03-11,2024,11,NEC-D05,1720.0,0.0,0,6620,6620
25,2024-03-18,2024,12,NEC-D05,2069.0,0.0,0,6620,6620
26,2024-03-25,2024,13,NEC-D05,1391.0,0.0,0,6620,6620
27,2024-04-01,2024,14,NEC-D05,1610.0,0.0,0,6620,6620
28,2024-04-08,2024,15,NEC-D05,1894.0,0.0,1,6620,5247
29,2024-04-15,2024,16,NEC-D05,1428.0,0.0,0,6620,6620
30,2024-04-22,2024,17,NEC-D05,1834.0,0.0,0,6620,6620
31,2024-04-29,2024,18,NEC-D05,1529.0,0.0,0,6620,6620
32,2024-05-06,2024,19,NEC-D05,1742.0,0.0,0,6620,6620
33,2024-05-13,2024,20,NEC-D05,1818.0,0.0,0,6620,6620
34,2024-05-20,2024,21,NEC-D05,1916.0,0.0,0,6620,6620
35,2024-05-27,2024,22,NEC-D05,1437.0,0.0,0,6620,6620
36,2024-06-03,2024,23,NEC-D05,1664.0,0.0,0,6620,6620
37,2024-06-10,2024,24,NEC-D05,2358.0,0.0,1,6620,4839
38,2024-06-17,2024,25,NEC-D05,1636.0,0.0,0,6620,6620
39,2024-06-24,2024,26,NEC-D05,1887.0,0.0,0,6620,6620
40,2024-07-01,2024,27,NEC-D05,1526.0,0.0,0,6620,6620
41,2024-07-08,2024,28,NEC-D05,1444.0,0.0,0,6620,6620
42,2024-07-15,2024,29,NEC-D05,1666.0,0.0,0,6620,6620
43,2024-07-22,2024,30,NEC-D05,1667.0,0.0,0,6620,6620
44,2024-07-29,2024,31,NEC-D05,1575.0,0.0,0,6620,6620
45,2024-08-05,2024,32,NEC-D05,1278.0,0.0,0,6620,6620
46,2024-08-12,2024,33,NEC-D05,1593.0,0.0,0,6620,6620
47,2024-08-19,2024,34,NEC-D05,1712.0,0.0,0,6620,6620
48,2024-08-26,2024,35,NEC-D05,1525.0,0.0,0,6620,6620
49,2024-09-02,2024,36,NEC-D05,1769.0,0.0,1,6620,5042
50,2024-09-09,2024,37,NEC-D05,1245.0,0.0,0,6620,6620
51,2024-09-16,2024,38,NEC-D05,1151.0,0.0,0,6620,6620
52,2024-09-23,2024,39,NEC-D05,1541.0,0.0,0,6620,6620
53,2024-09-30,2024,40,NEC-D05,1258.0,0.0,0,6620,6620
54,2024-10-07,2024,41,NEC-D05,1054.0,0.0,0,6620,6620
55,2024-10-14,2024,42,NEC-D05,1174.0,0.0,0,6620,6620
56,2024-10-21,2024,43,NEC-D05,942.0,0.0,0,6620,6620
57,2024-10-28,2024,44,NEC-D05,1297.0,0.0,0,6620,6620
58,2024-11-04,2024,45,NEC-D05,1111.0,0.0,0,6620,6620
59,2024-11-11,2024,46,NEC-D05,1195.0,0.0,0,6620,6620
60,2024-11-18,2024,47,NEC-D05,1414.0,0.0,1,6620,4902
61,2024-11-25,2024,48,NEC-D05,981.0,0.0,0,6620,6620
62,2024-12-02,2024,49,NEC-D05,1133.0,0.0,0,6620,6620
63,2024-12-09,2024,50,NEC-D05,1069.0,0.0,0,6620,6620
64,2024-12-16,2024,51,NEC-D05,994.0,0.0,0,6620,6620
65,2024-12-23,2024,52,NEC-D05,1366.0,0.0,0,6620,6620
66,2024-12-30,2025,1,NEC-D05,1111.0,0.0,0,6620,6620
67,2025-01-06,2025,2,NEC-D05,1553.0,0.0,0,6620,6620
68,2025-01-13,2025,3,NEC-D05,1579.0,0.0,0,6620,6620
69,2025-01-20,2025,4,NEC-D05,1606.0,0.0,0,6620,6620
70,2025-01-27,2025,5,NEC-D05,1258.0,0.0,0,6620,6620
71,2025-02-03,2025,6,NEC-D05,2621.0,0.0,1,6620,5251
72,2025-02-10,2025,7,NEC-D05,1175.0,0.0,0,6620,6620
73,2025-02-17,2025,8,NEC-D05,1518.0,0.0,0,6620,6620
74,2025-02-24,2025,9,NEC-D05,1295.0,0.0,0,6620,6620
75,2025-03-03,2025,10,NEC-D05,1641.0,0.0,0,6620,6620
76,2025-03-10,2025,11,NEC-D05,1674.0,0.0,0,6620,6620
77,2025-03-17,2025,12,NEC-D05,1572.0,0.0,0,6620,6620
78,2025-03-24,2025,13,NEC-D05,2893.0,0.0,1,6620,4920
79,2025-03-31,2025,14,NEC-D05,1592.0,0.0,0,6620,6620
80,2025-04-07,2025,15,NEC-D05,1877.0,0.0,0,6620,6620
81,2025-04-14,2025,16,NEC-D05,1492.0,0.0,0,6620,6620
82,2025-04-21,2025,17,NEC-D05,1833.0,0.0,0,6620,6620
83,2025-04-28,2025,18,NEC-D05,1654.0,0.0,0,6620,6620
84,2025-05-05,2025,19,NEC-D05,1817.0,0.0,0,6620,6620
85,2025-05-12,2025,20,NEC-D05,1460.0,0.0,0,6620,6620
86,2025-05-19,2025,21,NEC-D05,2041.0,0.0,0,6620,6620
87,2025-05-26,2025,22,NEC-D05,2800.0,0.0,1,6620,4721
88,2025-06-02,2025,23,NEC-D05,1305.0,0.0,0,6620,6620
89,2025-06-09,2025,24,NEC-D05,1951.0,0.0,0,6620,6620
90,2025-06-16,2025,25,NEC-D05,1413.0,0.0,0,6620,6620
91,2025-06-23,2025,26,NEC-D05,1521.0,0.0,0,6620,6620
92,2025-06-30,2025,27,NEC-D05,1466.0,0.0,0,6620,6620
93,2025-07-07,2025,28,NEC-D05,1464.0,0.0,0,6620,6620
94,2025-07-14,2025,29,NEC-D05,1402.0,0.0,0,6620,6620
95,2025-07-21,2025,30,NEC-D05,2052.0,0.0,1,6620,4809
96,2025-07-28,2025,31,NEC-D05,1510.0,0.0,0,6620,6620
97,2025-08-04,2025,32,NEC-D05,1235.0,0.0,0,6620,6620
98,2025-08-11,2025,33,NEC-D05,1521.0,0.0,0,6620,6620
99,2025-08-18,2025,34,NEC-D05,1453.0,0.0,0,6620,6620
100,2025-08-25,2025,35,NEC-D05,1409.0,0.0,0,6620,6620
101,2025-09-01,2025,36,NEC-D05,1368.0,0.0,0,6620,6620
102,2025-09-08,2025,37,NEC-D05,1304.0,0.0,0,6620,6620
103,2025-09-15,2025,38,NEC-D05,1908.0,0.0,1,6620,4844
104,2025-09-22,2025,39,NEC-D05,1031.0,0.0,0,6620,6620
105,2025-09-29,2025,40,NEC-D05,1240.0,0.0,0,6620,6620
106,2025-10-06,2025,41,NEC-D05,964.0,0.0,0,6620,6620
107,2025-10-13,2025,42,NEC-D05,1147.0,0.0,0,6620,6620
108,2025-10-20,2025,43,NEC-D05,1241.0,0.0,0,6620,6620
109,2025-10-27,2025,44,NEC-D05,979.0,0.0,0,6620,6620
110,2025-11-03,2025,45,NEC-D05,1265.0,0.0,0,6620,6620
111,2025-11-10,2025,46,NEC-D05,1132.0,0.0,0,6620,6620
112,2025-11-17,2025,47,NEC-D05,1178.0,0.0,0,6620,6620
113,2025-11-24,2025,48,NEC-D05,875.0,0.0,0,6620,6620
114,2025-12-01,2025,49,NEC-D05,1137.0,0.0,0,6620,6620
115,2025-12-08,2025,50,NEC-D05,2087.0,0.0,1,6620,4967
116,2025-12-15,2025,51,NEC-D05,1018.0,0.0,0,6620,6620
117,2025-12-22,2025,52,NEC-D05,1068.0,0.0,0,6620,6620
118,2025-12-29,2026,1,NEC-D05,1590.0,0.0,0,6620,6620
119,2026-01-05,2026,2,NEC-D05,1195.0,0.0,0,6620,6620
120,2026-01-12,2026,3,NEC-D05,1621.0,0.0,0,6620,6620
121,2026-01-19,2026,4,NEC-D05,1381.0,0.0,0,6620,6620
122,2026-01-26,2026,5,NEC-D05,1379.0,0.0,0,6620,6620
123,2026-02-02,2026,6,NEC-D05,1570.0,0.0,0,6620,6620
124,2026-02-09,2026,7,NEC-D05,1387.0,0.0,0,6620,6620
125,2026-02-16,2026,8,NEC-D05,1259.0,0.0,0,6620,6620
126,2026-02-23,2026,9,NEC-D05,1225.0,0.0,0,6620,6620
127,2026-03-02,2026,10,NEC-D05,2436.0,0.0,1,6620,5070
128,2026-03-09,2026,11,NEC-D05,1436.0,0.0,0,6620,6620
129,2026-03-16,2026,12,NEC-D05,1594.0,0.0,0,6620,6620
130,2026-03-23,2026,13,NEC-D05,1585.0,0.0,0,6620,6620
131,2026-03-30,2026,14,NEC-D05,2011.0,0.0,0,6620,6620
132,2026-04-06,2026,15,NEC-D05,1931.0,0.0,0,6620,6620
133,2026-04-13,2026,16,NEC-D05,3189.0,0.0,1,6620,5049
134,2026-04-20,2026,17,NEC-D05,1720.0,0.0,0,6620,6620
135,2026-04-27,2026,18,NEC-D05,1603.0,0.0,0,6620,6620
136,2026-05-04,2026,19,NEC-D05,1677.0,0.0,0,6620,6620
137,2026-05-11,2026,20,NEC-D05,1719.0,0.0,0,6620,6620
138,2026-05-18,2026,21,NEC-D05,1709.0,0.0,0,6620,6620
139,2026-05-25,2026,22,NEC-D05,1934.0,0.0,0,6620,6620
140,2026-06-01,2026,23,NEC-D05,2193.0,0.0,0,6620,6620
141,2026-06-08,2026,24,NEC-D05,1595.0,0.0,0,6620,6620
142,2026-06-15,2026,25,NEC-D05,1545.0,0.0,0,6620,6620
143,2026-06-22,2026,26,NEC-D05,1750.0,0.0,0,6620,6620
144,2026-06-29,2026,27,NEC-D05,1661.0,0.0,0,6620,6620
145,2026-07-06,2026,28,NEC-D05,2032.0,0.0,1,6620,4655
146,2026-07-13,2026,29,NEC-D05,1514.0,0.0,0,6620,6620
147,2026-07-20,2026,30,NEC-D05,1624.0,0.0,0,6620,6620
148,2026-07-27,2026,31,NEC-D05,1653.0,0.0,0,6620,6620
149,2026-08-03,2026,32,NEC-D05,1620.0,0.0,0,6620,6620
150,2026-08-10,2026,33,NEC-D05,1582.0,0.0,0,6620,6620
151,2026-08-17,2026,34,NEC-D05,1998.0,0.0,1,6620,5028
152,2026-08-24,2026,35,NEC-D05,1197.0,0.0,0,6620,6620
153,2026-08-31,2026,36,NEC-D05,1199.0,0.0,0,6620,6620
154,2026-09-07,2026,37,NEC-D05,1319.0,0.0,0,6620,6620
155,2026-09-14,2026,38,NEC-D05,1012.0,0.0,0,6620,6620
156,2026-09-21,2026,39,NEC-D05,1257.0,0.0,0,6620,6620
1,2023-10-02,2023,40,NEC-D15,1943.0,0.0,0,9930,9930
2,2023-10-09,2023,41,NEC-D15,2230.0,0.0,0,9930,9930
3,2023-10-16,2023,42,NEC-D15,2237.0,0.0,0,9930,9930
4,2023-10-23,2023,43,NEC-D15,1980.0,0.0,0,9930,9930
5,2023-10-30,2023,44,NEC-D15,1668.0,0.0,0,9930,9930
6,2023-11-06,2023,45,NEC-D15,3218.0,0.0,1,9930,7725
7,2023-11-13,2023,46,NEC-D15,1707.0,0.0,0,9930,9930
8,2023-11-20,2023,47,NEC-D15,1831.0,0.0,0,9930,9930
9,2023-11-27,2023,48,NEC-D15,2109.0,0.0,0,9930,9930
10,2023-12-04,2023,49,NEC-D15,1685.0,0.0,0,9930,9930
11,2023-12-11,2023,50,NEC-D15,1804.0,0.0,0,9930,9930
12,2023-12-18,2023,51,NEC-D15,1693.0,0.0,0,9930,9930
13,2023-12-25,2023,52,NEC-D15,1931.0,0.0,0,9930,9930
14,2024-01-01,2024,1,NEC-D15,2184.0,0.0,0,9930,9930
15,2024-01-08,2024,2,NEC-D15,2163.0,0.0,0,9930,9930
16,2024-01-15,2024,3,NEC-D15,2952.0,0.0,0,9930,9930
17,2024-01-22,2024,4,NEC-D15,2443.0,0.0,0,9930,9930
18,2024-01-29,2024,5,NEC-D15,3080.0,0.0,1,9930,8009
19,2024-02-05,2024,6,NEC-D15,2300.0,0.0,0,9930,9930
20,2024-02-12,2024,7,NEC-D15,2470.0,0.0,0,9930,9930
21,2024-02-19,2024,8,NEC-D15,2919.0,0.0,0,9930,9930
22,2024-02-26,2024,9,NEC-D15,2641.0,0.0,0,9930,9930
23,2024-03-04,2024,10,NEC-D15,3021.0,0.0,0,9930,9930
24,2024-03-11,2024,11,NEC-D15,2649.0,0.0,0,9930,9930
25,2024-03-18,2024,12,NEC-D15,3182.0,0.0,0,9930,9930
26,2024-03-25,2024,13,NEC-D15,2861.0,0.0,0,9930,9930
27,2024-04-01,2024,14,NEC-D15,2483.0,0.0,0,9930,9930
28,2024-04-08,2024,15,NEC-D15,3046.0,0.0,0,9930,9930
29,2024-04-15,2024,16,NEC-D15,4016.0,0.0,1,9930,7646
30,2024-04-22,2024,17,NEC-D15,2090.0,0.0,0,9930,9930
31,2024-04-29,2024,18,NEC-D15,2777.0,0.0,0,9930,9930
32,2024-05-06,2024,19,NEC-D15,3158.0,0.0,0,9930,9930
33,2024-05-13,2024,20,NEC-D15,3097.0,0.0,0,9930,9930
34,2024-05-20,2024,21,NEC-D15,3169.0,0.0,0,9930,9930
35,2024-05-27,2024,22,NEC-D15,3237.0,0.0,0,9930,9930
36,2024-06-03,2024,23,NEC-D15,3020.0,0.0,0,9930,9930
37,2024-06-10,2024,24,NEC-D15,2852.0,0.0,0,9930,9930
38,2024-06-17,2024,25,NEC-D15,5295.0,0.0,1,9930,7047
39,2024-06-24,2024,26,NEC-D15,2651.0,0.0,0,9930,9930
40,2024-07-01,2024,27,NEC-D15,2906.0,0.0,0,9930,9930
41,2024-07-08,2024,28,NEC-D15,2904.0,0.0,0,9930,9930
42,2024-07-15,2024,29,NEC-D15,2361.0,0.0,0,9930,9930
43,2024-07-22,2024,30,NEC-D15,2608.0,0.0,0,9930,9930
44,2024-07-29,2024,31,NEC-D15,2813.0,0.0,0,9930,9930
45,2024-08-05,2024,32,NEC-D15,2947.0,0.0,0,9930,9930
46,2024-08-12,2024,33,NEC-D15,2045.0,0.0,0,9930,9930
47,2024-08-19,2024,34,NEC-D15,4110.0,0.0,1,9930,7173
48,2024-08-26,2024,35,NEC-D15,2422.0,0.0,0,9930,9930
49,2024-09-02,2024,36,NEC-D15,2818.0,0.0,0,9930,9930
50,2024-09-09,2024,37,NEC-D15,2565.0,0.0,0,9930,9930
51,2024-09-16,2024,38,NEC-D15,3262.0,0.0,0,9930,9930
52,2024-09-23,2024,39,NEC-D15,2262.0,0.0,0,9930,9930
53,2024-09-30,2024,40,NEC-D15,1918.0,0.0,0,9930,9930
54,2024-10-07,2024,41,NEC-D15,2108.0,0.0,0,9930,9930
55,2024-10-14,2024,42,NEC-D15,2144.0,0.0,0,9930,9930
56,2024-10-21,2024,43,NEC-D15,2980.0,0.0,1,9930,7152
57,2024-10-28,2024,44,NEC-D15,1525.0,0.0,0,9930,9930
58,2024-11-04,2024,45,NEC-D15,1830.0,0.0,0,9930,9930
59,2024-11-11,2024,46,NEC-D15,1807.0,0.0,0,9930,9930
60,2024-11-18,2024,47,NEC-D15,2370.0,0.0,0,9930,9930
61,2024-11-25,2024,48,NEC-D15,1966.0,0.0,0,9930,9930
62,2024-12-02,2024,49,NEC-D15,2368.0,0.0,0,9930,9930
63,2024-12-09,2024,50,NEC-D15,20052.0,0.0,1,9930,8170
64,2024-12-16,2024,51,NEC-D15,1752.0,0.0,0,9930,9930
65,2024-12-23,2024,52,NEC-D15,2046.0,0.0,0,9930,9930
66,2024-12-30,2025,1,NEC-D15,2485.0,0.0,0,9930,9930
67,2025-01-06,2025,2,NEC-D15,2361.0,0.0,0,9930,9930
68,2025-01-13,2025,3,NEC-D15,2051.0,0.0,0,9930,9930
69,2025-01-20,2025,4,NEC-D15,3053.0,0.0,1,9930,7686
70,2025-01-27,2025,5,NEC-D15,2228.0,0.0,0,9930,9930
71,2025-02-03,2025,6,NEC-D15,2503.0,0.0,0,9930,9930
72,2025-02-10,2025,7,NEC-D15,2212.0,0.0,0,9930,9930
73,2025-02-17,2025,8,NEC-D15,2441.0,0.0,0,9930,9930
74,2025-02-24,2025,9,NEC-D15,2303.0,0.0,0,9930,9930
75,2025-03-03,2025,10,NEC-D15,3031.0,0.0,0,9930,9930
76,2025-03-10,2025,11,NEC-D15,2917.0,0.0,0,9930,9930
77,2025-03-17,2025,12,NEC-D15,2931.0,0.0,0,9930,9930
78,2025-03-24,2025,13,NEC-D15,5750.0,0.0,1,9930,7936
79,2025-03-31,2025,14,NEC-D15,2100.0,0.0,0,9930,9930
80,2025-04-07,2025,15,NEC-D15,2431.0,0.0,0,9930,9930
81,2025-04-14,2025,16,NEC-D15,3092.0,0.0,0,9930,9930
82,2025-04-21,2025,17,NEC-D15,4032.0,0.0,0,9930,9930
83,2025-04-28,2025,18,NEC-D15,2620.0,0.0,0,9930,9930
84,2025-05-05,2025,19,NEC-D15,5233.0,0.0,1,9930,8277
85,2025-05-12,2025,20,NEC-D15,2833.0,0.0,0,9930,9930
86,2025-05-19,2025,21,NEC-D15,3098.0,0.0,0,9930,9930
87,2025-05-26,2025,22,NEC-D15,2794.0,0.0,0,9930,9930
88,2025-06-02,2025,23,NEC-D15,3079.0,0.0,0,9930,9930
89,2025-06-09,2025,24,NEC-D15,2897.0,0.0,0,9930,9930
90,2025-06-16,2025,25,NEC-D15,3460.0,0.0,0,9930,9930
91,2025-06-23,2025,26,NEC-D15,2981.0,0.0,0,9930,9930
92,2025-06-30,2025,27,NEC-D15,2795.0,0.0,0,9930,9930
93,2025-07-07,2025,28,NEC-D15,3012.0,0.0,0,9930,9930
94,2025-07-14,2025,29,NEC-D15,3165.0,0.0,0,9930,9930
95,2025-07-21,2025,30,NEC-D15,2348.0,0.0,0,9930,9930
96,2025-07-28,2025,31,NEC-D15,3632.0,0.0,1,9930,7627
97,2025-08-04,2025,32,NEC-D15,2061.0,0.0,0,9930,9930
98,2025-08-11,2025,33,NEC-D15,3255.0,0.0,0,9930,9930
99,2025-08-18,2025,34,NEC-D15,2242.0,0.0,0,9930,9930
100,2025-08-25,2025,35,NEC-D15,2004.0,0.0,0,9930,9930
101,2025-09-01,2025,36,NEC-D15,2858.0,0.0,0,9930,9930
102,2025-09-08,2025,37,NEC-D15,1931.0,0.0,0,9930,9930
103,2025-09-15,2025,38,NEC-D15,2369.0,0.0,0,9930,9930
104,2025-09-22,2025,39,NEC-D15,2612.0,0.0,1,9930,8062
105,2025-09-29,2025,40,NEC-D15,2060.0,0.0,0,9930,9930
106,2025-10-06,2025,41,NEC-D15,2034.0,0.0,0,9930,9930
107,2025-10-13,2025,42,NEC-D15,1655.0,0.0,0,9930,9930
108,2025-10-20,2025,43,NEC-D15,1597.0,0.0,0,9930,9930
109,2025-10-27,2025,44,NEC-D15,2018.0,0.0,0,9930,9930
110,2025-11-03,2025,45,NEC-D15,2266.0,0.0,0,9930,9930
111,2025-11-10,2025,46,NEC-D15,1899.0,0.0,0,9930,9930
112,2025-11-17,2025,47,NEC-D15,1739.0,0.0,0,9930,9930
113,2025-11-24,2025,48,NEC-D15,2111.0,0.0,0,9930,9930
114,2025-12-01,2025,49,NEC-D15,1960.0,0.0,0,9930,9930
115,2025-12-08,2025,50,NEC-D15,1844.0,0.0,0,9930,9930
116,2025-12-15,2025,51,NEC-D15,3259.0,0.0,1,9930,8431
117,2025-12-22,2025,52,NEC-D15,2031.0,0.0,0,9930,9930
118,2025-12-29,2026,1,NEC-D15,2394.0,0.0,0,9930,9930
119,2026-01-05,2026,2,NEC-D15,2061.0,0.0,0,9930,9930
120,2026-01-12,2026,3,NEC-D15,2747.0,0.0,0,9930,9930
121,2026-01-19,2026,4,NEC-D15,2124.0,0.0,0,9930,9930
122,2026-01-26,2026,5,NEC-D15,2551.0,0.0,0,9930,9930
123,2026-02-02,2026,6,NEC-D15,2206.0,0.0,0,9930,9930
124,2026-02-09,2026,7,NEC-D15,4218.0,0.0,1,9930,7675
125,2026-02-16,2026,8,NEC-D15,2218.0,0.0,0,9930,9930
126,2026-02-23,2026,9,NEC-D15,2572.0,0.0,0,9930,9930
127,2026-03-02,2026,10,NEC-D15,2434.0,0.0,0,9930,9930
128,2026-03-09,2026,11,NEC-D15,2532.0,0.0,0,9930,9930
129,2026-03-16,2026,12,NEC-D15,3257.0,0.0,0,9930,9930
130,2026-03-23,2026,13,NEC-D15,4677.0,0.0,1,9930,8127
131,2026-03-30,2026,14,NEC-D15,3549.0,0.0,0,9930,9930
132,2026-04-06,2026,15,NEC-D15,2819.0,0.0,0,9930,9930
133,2026-04-13,2026,16,NEC-D15,2898.0,0.0,0,9930,9930
134,2026-04-20,2026,17,NEC-D15,3852.0,0.0,0,9930,9930
135,2026-04-27,2026,18,NEC-D15,3379.0,0.0,0,9930,9930
136,2026-05-04,2026,19,NEC-D15,2421.0,0.0,0,9930,9930
137,2026-05-11,2026,20,NEC-D15,3444.0,0.0,0,9930,9930
138,2026-05-18,2026,21,NEC-D15,2892.0,0.0,0,9930,9930
139,2026-05-25,2026,22,NEC-D15,3053.0,0.0,0,9930,9930
140,2026-06-01,2026,23,NEC-D15,5693.0,0.0,1,9930,7859
141,2026-06-08,2026,24,NEC-D15,2985.0,0.0,0,9930,9930
142,2026-06-15,2026,25,NEC-D15,3256.0,0.0,0,9930,9930
143,2026-06-22,2026,26,NEC-D15,3749.0,0.0,0,9930,9930
144,2026-06-29,2026,27,NEC-D15,2605.0,0.0,0,9930,9930
145,2026-07-06,2026,28,NEC-D15,2589.0,0.0,0,9930,9930
146,2026-07-13,2026,29,NEC-D15,2080.0,0.0,0,9930,9930
147,2026-07-20,2026,30,NEC-D15,3441.0,0.0,0,9930,9930
148,2026-07-27,2026,31,NEC-D15,3642.0,0.0,1,9930,7154
149,2026-08-03,2026,32,NEC-D15,1980.0,0.0,0,9930,9930
150,2026-08-10,2026,33,NEC-D15,2229.0,0.0,0,9930,9930
151,2026-08-17,2026,34,NEC-D15,1781.0,0.0,0,9930,9930
152,2026-08-24,2026,35,NEC-D15,2872.0,0.0,0,9930,9930
153,2026-08-31,2026,36,NEC-D15,2455.0,0.0,0,9930,9930
154,2026-09-07,2026,37,NEC-D15,3736.0,0.0,1,9930,7396
155,2026-09-14,2026,38,NEC-D15,1924.0,0.0,0,9930,9930
156,2026-09-21,2026,39,NEC-D15,2208.0,0.0,0,9930,9930
1,2023-10-02,2023,40,NEC-D30,455.0,0.0,0,13240,13240
2,2023-10-09,2023,41,NEC-D30,491.0,0.0,0,13240,13240
3,2023-10-16,2023,42,NEC-D30,518.0,0.0,0,13240,13240
4,2023-10-23,2023,43,NEC-D30,658.0,0.0,0,13240,13240
5,2023-10-30,2023,44,NEC-D30,353.0,0.0,0,13240,13240
6,2023-11-06,2023,45,NEC-D30,470.0,0.0,0,13240,13240
7,2023-11-13,2023,46,NEC-D30,487.0,0.0,0,13240,13240
8,2023-11-20,2023,47,NEC-D30,446.0,0.0,0,13240,13240
9,2023-11-27,2023,48,NEC-D30,548.0,0.0,0,13240,13240
10,2023-12-04,2023,49,NEC-D30,435.0,0.0,0,13240,13240
11,2023-12-11,2023,50,NEC-D30,437.0,0.0,0,13240,13240
12,2023-12-18,2023,51,NEC-D30,537.0,0.0,1,13240,10444
13,2023-12-25,2023,52,NEC-D30,450.0,0.0,0,13240,13240
14,2024-01-01,2024,1,NEC-D30,471.0,0.0,0,13240,13240
15,2024-01-08,2024,2,NEC-D30,522.0,0.0,0,13240,13240
16,2024-01-15,2024,3,NEC-D30,665.0,0.0,0,13240,13240
17,2024-01-22,2024,4,NEC-D30,649.0,0.0,0,13240,13240
18,2024-01-29,2024,5,NEC-D30,471.0,0.0,0,13240,13240
19,2024-02-05,2024,6,NEC-D30,975.0,0.0,1,13240,10130
20,2024-02-12,2024,7,NEC-D30,586.0,0.0,0,13240,13240
21,2024-02-19,2024,8,NEC-D30,561.0,0.0,0,13240,13240
22,2024-02-26,2024,9,NEC-D30,685.0,0.0,0,13240,13240
23,2024-03-04,2024,10,NEC-D30,678.0,0.0,0,13240,13240
24,2024-03-11,2024,11,NEC-D30,834.0,0.0,0,13240,13240
25,2024-03-18,2024,12,NEC-D30,1185.0,0.0,1,13240,11064
26,2024-03-25,2024,13,NEC-D30,647.0,0.0,0,13240,13240
27,2024-04-01,2024,14,NEC-D30,776.0,0.0,0,13240,13240
28,2024-04-08,2024,15,NEC-D30,831.0,0.0,0,13240,13240
29,2024-04-15,2024,16,NEC-D30,625.0,0.0,0,13240,13240
30,2024-04-22,2024,17,NEC-D30,836.0,0.0,0,13240,13240
31,2024-04-29,2024,18,NEC-D30,1200.0,0.0,1,13240,10306
32,2024-05-06,2024,19,NEC-D30,609.0,0.0,0,13240,13240
33,2024-05-13,2024,20,NEC-D30,730.0,0.0,0,13240,13240
34,2024-05-20,2024,21,NEC-D30,721.0,0.0,0,13240,13240
35,2024-05-27,2024,22,NEC-D30,714.0,0.0,0,13240,13240
36,2024-06-03,2024,23,NEC-D30,719.0,0.0,0,13240,13240
37,2024-06-10,2024,24,NEC-D30,862.0,0.0,0,13240,13240
38,2024-06-17,2024,25,NEC-D30,1011.0,0.0,1,13240,9303
39,2024-06-24,2024,26,NEC-D30,541.0,0.0,0,13240,13240
40,2024-07-01,2024,27,NEC-D30,824.0,0.0,0,13240,13240
41,2024-07-08,2024,28,NEC-D30,830.0,0.0,0,13240,13240
42,2024-07-15,2024,29,NEC-D30,782.0,0.0,0,13240,13240
43,2024-07-22,2024,30,NEC-D30,611.0,0.0,0,13240,13240
44,2024-07-29,2024,31,NEC-D30,655.0,0.0,0,13240,13240
45,2024-08-05,2024,32,NEC-D30,752.0,0.0,0,13240,13240
46,2024-08-12,2024,33,NEC-D30,630.0,0.0,0,13240,13240
47,2024-08-19,2024,34,NEC-D30,802.0,0.0,1,13240,10261
48,2024-08-26,2024,35,NEC-D30,570.0,0.0,0,13240,13240
49,2024-09-02,2024,36,NEC-D30,469.0,0.0,0,13240,13240
50,2024-09-09,2024,37,NEC-D30,471.0,0.0,0,13240,13240
51,2024-09-16,2024,38,NEC-D30,494.0,0.0,0,13240,13240
52,2024-09-23,2024,39,NEC-D30,485.0,0.0,0,13240,13240
53,2024-09-30,2024,40,NEC-D30,568.0,0.0,0,13240,13240
54,2024-10-07,2024,41,NEC-D30,547.0,0.0,0,13240,13240
55,2024-10-14,2024,42,NEC-D30,391.0,0.0,0,13240,13240
56,2024-10-21,2024,43,NEC-D30,493.0,0.0,0,13240,13240
57,2024-10-28,2024,44,NEC-D30,785.0,0.0,1,13240,10839
58,2024-11-04,2024,45,NEC-D30,376.0,0.0,0,13240,13240
59,2024-11-11,2024,46,NEC-D30,548.0,0.0,0,13240,13240
60,2024-11-18,2024,47,NEC-D30,425.0,0.0,0,13240,13240
61,2024-11-25,2024,48,NEC-D30,541.0,0.0,0,13240,13240
62,2024-12-02,2024,49,NEC-D30,466.0,0.0,0,13240,13240
63,2024-12-09,2024,50,NEC-D30,567.0,0.0,0,13240,13240
64,2024-12-16,2024,51,NEC-D30,556.0,0.0,0,13240,13240
65,2024-12-23,2024,52,NEC-D30,446.0,0.0,0,13240,13240
66,2024-12-30,2025,1,NEC-D30,544.0,0.0,0,13240,13240
67,2025-01-06,2025,2,NEC-D30,724.0,0.0,0,13240,13240
68,2025-01-13,2025,3,NEC-D30,773.0,0.0,1,13240,9365
69,2025-01-20,2025,4,NEC-D30,561.0,0.0,0,13240,13240
70,2025-01-27,2025,5,NEC-D30,558.0,0.0,0,13240,13240
71,2025-02-03,2025,6,NEC-D30,622.0,0.0,0,13240,13240
72,2025-02-10,2025,7,NEC-D30,595.0,0.0,0,13240,13240
73,2025-02-17,2025,8,NEC-D30,647.0,0.0,0,13240,13240
74,2025-02-24,2025,9,NEC-D30,632.0,0.0,0,13240,13240
75,2025-03-03,2025,10,NEC-D30,556.0,0.0,0,13240,13240
76,2025-03-10,2025,11,NEC-D30,923.0,0.0,1,13240,9715
77,2025-03-17,2025,12,NEC-D30,632.0,0.0,0,13240,13240
78,2025-03-24,2025,13,NEC-D30,764.0,0.0,0,13240,13240
79,2025-03-31,2025,14,NEC-D30,709.0,0.0,0,13240,13240
80,2025-04-07,2025,15,NEC-D30,824.0,0.0,0,13240,13240
81,2025-04-14,2025,16,NEC-D30,912.0,0.0,0,13240,13240
82,2025-04-21,2025,17,NEC-D30,875.0,0.0,0,13240,13240
83,2025-04-28,2025,18,NEC-D30,798.0,0.0,0,13240,13240
84,2025-05-05,2025,19,NEC-D30,720.0,0.0,0,13240,13240
85,2025-05-12,2025,20,NEC-D30,767.0,0.0,0,13240,13240
86,2025-05-19,2025,21,NEC-D30,1323.0,0.0,1,13240,9843
87,2025-05-26,2025,22,NEC-D30,552.0,0.0,0,13240,13240
88,2025-06-02,2025,23,NEC-D30,758.0,0.0,0,13240,13240
89,2025-06-09,2025,24,NEC-D30,792.0,0.0,0,13240,13240
90,2025-06-16,2025,25,NEC-D30,710.0,0.0,0,13240,13240
91,2025-06-23,2025,26,NEC-D30,779.0,0.0,0,13240,13240
92,2025-06-30,2025,27,NEC-D30,693.0,0.0,0,13240,13240
93,2025-07-07,2025,28,NEC-D30,1142.0,0.0,1,13240,10301
94,2025-07-14,2025,29,NEC-D30,582.0,0.0,0,13240,13240
95,2025-07-21,2025,30,NEC-D30,601.0,0.0,0,13240,13240
96,2025-07-28,2025,31,NEC-D30,457.0,0.0,0,13240,13240
97,2025-08-04,2025,32,NEC-D30,593.0,0.0,0,13240,13240
98,2025-08-11,2025,33,NEC-D30,581.0,0.0,0,13240,13240
99,2025-08-18,2025,34,NEC-D30,564.0,0.0,0,13240,13240
100,2025-08-25,2025,35,NEC-D30,558.0,0.0,0,13240,13240
101,2025-09-01,2025,36,NEC-D30,569.0,0.0,0,13240,13240
102,2025-09-08,2025,37,NEC-D30,681.0,0.0,1,13240,9478
103,2025-09-15,2025,38,NEC-D30,443.0,0.0,0,13240,13240
104,2025-09-22,2025,39,NEC-D30,506.0,0.0,0,13240,13240
105,2025-09-29,2025,40,NEC-D30,568.0,0.0,0,13240,13240
106,2025-10-06,2025,41,NEC-D30,448.0,0.0,0,13240,13240
107,2025-10-13,2025,42,NEC-D30,565.0,0.0,0,13240,13240
108,2025-10-20,2025,43,NEC-D30,496.0,0.0,0,13240,13240
109,2025-10-27,2025,44,NEC-D30,431.0,0.0,0,13240,13240
110,2025-11-03,2025,45,NEC-D30,373.0,0.0,0,13240,13240
111,2025-11-10,2025,46,NEC-D30,432.0,0.0,0,13240,13240
112,2025-11-17,2025,47,NEC-D30,388.0,0.0,0,13240,13240
113,2025-11-24,2025,48,NEC-D30,614.0,0.0,1,13240,10495
114,2025-12-01,2025,49,NEC-D30,381.0,0.0,0,13240,13240
115,2025-12-08,2025,50,NEC-D30,526.0,0.0,0,13240,13240
116,2025-12-15,2025,51,NEC-D30,545.0,0.0,0,13240,13240
117,2025-12-22,2025,52,NEC-D30,485.0,0.0,0,13240,13240
118,2025-12-29,2026,1,NEC-D30,460.0,0.0,0,13240,13240
119,2026-01-05,2026,2,NEC-D30,531.0,0.0,0,13240,13240
120,2026-01-12,2026,3,NEC-D30,911.0,0.0,1,13240,10279
121,2026-01-19,2026,4,NEC-D30,509.0,0.0,0,13240,13240
122,2026-01-26,2026,5,NEC-D30,517.0,0.0,0,13240,13240
123,2026-02-02,2026,6,NEC-D30,615.0,0.0,0,13240,13240
124,2026-02-09,2026,7,NEC-D30,641.0,0.0,0,13240,13240
125,2026-02-16,2026,8,NEC-D30,523.0,0.0,0,13240,13240
126,2026-02-23,2026,9,NEC-D30,961.0,0.0,1,13240,10656
127,2026-03-02,2026,10,NEC-D30,607.0,0.0,0,13240,13240
128,2026-03-09,2026,11,NEC-D30,818.0,0.0,0,13240,13240
129,2026-03-16,2026,12,NEC-D30,649.0,0.0,0,13240,13240
130,2026-03-23,2026,13,NEC-D30,702.0,0.0,0,13240,13240
131,2026-03-30,2026,14,NEC-D30,600.0,0.0,0,13240,13240
132,2026-04-06,2026,15,NEC-D30,694.0,0.0,0,13240,13240
133,2026-04-13,2026,16,NEC-D30,686.0,0.0,0,13240,13240
134,2026-04-20,2026,17,NEC-D30,697.0,0.0,0,13240,13240
135,2026-04-27,2026,18,NEC-D30,1013.0,0.0,1,13240,9849
136,2026-05-04,2026,19,NEC-D30,744.0,0.0,0,13240,13240
137,2026-05-11,2026,20,NEC-D30,779.0,0.0,0,13240,13240
138,2026-05-18,2026,21,NEC-D30,744.0,0.0,0,13240,13240
139,2026-05-25,2026,22,NEC-D30,701.0,0.0,0,13240,13240
140,2026-06-01,2026,23,NEC-D30,630.0,0.0,0,13240,13240
141,2026-06-08,2026,24,NEC-D30,697.0,0.0,0,13240,13240
142,2026-06-15,2026,25,NEC-D30,1094.0,0.0,1,13240,10210
143,2026-06-22,2026,26,NEC-D30,688.0,0.0,0,13240,13240
144,2026-06-29,2026,27,NEC-D30,662.0,0.0,0,13240,13240
145,2026-07-06,2026,28,NEC-D30,578.0,0.0,0,13240,13240
146,2026-07-13,2026,29,NEC-D30,745.0,0.0,0,13240,13240
147,2026-07-20,2026,30,NEC-D30,732.0,0.0,0,13240,13240
148,2026-07-27,2026,31,NEC-D30,571.0,0.0,0,13240,13240
149,2026-08-03,2026,32,NEC-D30,884.0,0.0,1,13240,9527
150,2026-08-10,2026,33,NEC-D30,675.0,0.0,0,13240,13240
151,2026-08-17,2026,34,NEC-D30,519.0,0.0,0,13240,13240
152,2026-08-24,2026,35,NEC-D30,575.0,0.0,0,13240,13240
153,2026-08-31,2026,36,NEC-D30,484.0,0.0,0,13240,13240
154,2026-09-07,2026,37,NEC-D30,467.0,0.0,0,13240,13240
155,2026-09-14,2026,38,NEC-D30,493.0,0.0,0,13240,13240
156,2026-09-21,2026,39,NEC-D30,511.0,0.0,0,13240,13240
1,2023-10-02,2023,40,CIT-L05,1878.0,0.0,0,5320,5320
2,2023-10-09,2023,41,CIT-L05,1933.0,0.0,0,5320,5320
3,2023-10-16,2023,42,CIT-L05,1731.0,0.0,0,5320,5320
4,2023-10-23,2023,43,CIT-L05,1761.0,0.0,0,5320,5320
5,2023-10-30,2023,44,CIT-L05,3572.0,0.0,1,5320,3877
6,2023-11-06,2023,45,CIT-L05,1383.0,0.0,0,5320,5320
7,2023-11-13,2023,46,CIT-L05,1692.0,0.0,0,5320,5320
8,2023-11-20,2023,47,CIT-L05,2267.0,0.0,0,5320,5320
9,2023-11-27,2023,48,CIT-L05,2285.0,0.0,0,5320,5320
10,2023-12-04,2023,49,CIT-L05,2653.0,0.0,0,5320,5320
11,2023-12-11,2023,50,CIT-L05,3443.0,0.0,1,5320,4115
12,2023-12-18,2023,51,CIT-L05,2227.0,0.0,0,5320,5320
13,2023-12-25,2023,52,CIT-L05,2738.0,0.0,0,5320,5320
14,2024-01-01,2024,1,CIT-L05,2507.0,0.0,0,5320,5320
15,2024-01-08,2024,2,CIT-L05,3253.0,0.0,0,5320,5320
16,2024-01-15,2024,3,CIT-L05,2507.0,0.0,0,5320,5320
17,2024-01-22,2024,4,CIT-L05,4738.0,0.0,1,5320,4263
18,2024-01-29,2024,5,CIT-L05,2054.0,0.0,0,5320,5320
19,2024-02-05,2024,6,CIT-L05,2566.0,0.0,0,5320,5320
20,2024-02-12,2024,7,CIT-L05,2310.0,0.0,0,5320,5320
21,2024-02-19,2024,8,CIT-L05,2634.0,0.0,0,5320,5320
22,2024-02-26,2024,9,CIT-L05,2904.0,0.0,0,5320,5320
23,2024-03-04,2024,10,CIT-L05,2173.0,0.0,0,5320,5320
24,2024-03-11,2024,11,CIT-L05,1908.0,0.0,0,5320,5320
25,2024-03-18,2024,12,CIT-L05,2604.0,0.0,0,5320,5320
26,2024-03-25,2024,13,CIT-L05,3809.0,0.0,1,5320,4010
27,2024-04-01,2024,14,CIT-L05,1647.0,0.0,0,5320,5320
28,2024-04-08,2024,15,CIT-L05,2197.0,0.0,0,5320,5320
29,2024-04-15,2024,16,CIT-L05,2019.0,0.0,0,5320,5320
30,2024-04-22,2024,17,CIT-L05,1940.0,0.0,0,5320,5320
31,2024-04-29,2024,18,CIT-L05,1531.0,0.0,0,5320,5320
32,2024-05-06,2024,19,CIT-L05,1480.0,0.0,0,5320,5320
33,2024-05-13,2024,20,CIT-L05,1611.0,0.0,0,5320,5320
34,2024-05-20,2024,21,CIT-L05,1338.0,0.0,0,5320,5320
35,2024-05-27,2024,22,CIT-L05,1519.0,0.0,0,5320,5320
36,2024-06-03,2024,23,CIT-L05,2227.0,0.0,1,5320,4361
37,2024-06-10,2024,24,CIT-L05,1052.0,0.0,0,5320,5320
38,2024-06-17,2024,25,CIT-L05,1147.0,0.0,0,5320,5320
39,2024-06-24,2024,26,CIT-L05,1218.0,0.0,0,5320,5320
40,2024-07-01,2024,27,CIT-L05,1166.0,0.0,0,5320,5320
41,2024-07-08,2024,28,CIT-L05,1064.0,0.0,0,5320,5320
42,2024-07-15,2024,29,CIT-L05,1096.0,0.0,0,5320,5320
43,2024-07-22,2024,30,CIT-L05,1105.0,0.0,0,5320,5320
44,2024-07-29,2024,31,CIT-L05,1067.0,0.0,0,5320,5320
45,2024-08-05,2024,32,CIT-L05,1795.0,0.0,1,5320,4460
46,2024-08-12,2024,33,CIT-L05,1008.0,0.0,0,5320,5320
47,2024-08-19,2024,34,CIT-L05,1379.0,0.0,0,5320,5320
48,2024-08-26,2024,35,CIT-L05,1287.0,0.0,0,5320,5320
49,2024-09-02,2024,36,CIT-L05,1597.0,0.0,0,5320,5320
50,2024-09-09,2024,37,CIT-L05,1618.0,0.0,0,5320,5320
51,2024-09-16,2024,38,CIT-L05,1808.0,0.0,0,5320,5320
52,2024-09-23,2024,39,CIT-L05,1784.0,0.0,0,5320,5320
53,2024-09-30,2024,40,CIT-L05,1758.0,0.0,0,5320,5320
54,2024-10-07,2024,41,CIT-L05,1981.0,0.0,0,5320,5320
55,2024-10-14,2024,42,CIT-L05,1756.0,0.0,0,5320,5320
56,2024-10-21,2024,43,CIT-L05,2890.0,0.0,1,5320,3987
57,2024-10-28,2024,44,CIT-L05,2063.0,0.0,0,5320,5320
58,2024-11-04,2024,45,CIT-L05,2713.0,0.0,0,5320,5320
59,2024-11-11,2024,46,CIT-L05,2102.0,0.0,0,5320,5320
60,2024-11-18,2024,47,CIT-L05,2916.0,0.0,0,5320,5320
61,2024-11-25,2024,48,CIT-L05,2729.0,0.0,0,5320,5320
62,2024-12-02,2024,49,CIT-L05,5097.0,0.0,1,5320,4006
63,2024-12-09,2024,50,CIT-L05,2336.0,0.0,0,5320,5320
64,2024-12-16,2024,51,CIT-L05,2575.0,0.0,0,5320,5320
65,2024-12-23,2024,52,CIT-L05,2301.0,0.0,0,5320,5320
66,2024-12-30,2025,1,CIT-L05,2763.0,0.0,0,5320,5320
67,2025-01-06,2025,2,CIT-L05,2526.0,0.0,0,5320,5320
68,2025-01-13,2025,3,CIT-L05,2420.0,0.0,0,5320,5320
69,2025-01-20,2025,4,CIT-L05,2451.0,0.0,0,5320,5320
70,2025-01-27,2025,5,CIT-L05,4533.0,0.0,1,5320,4254
71,2025-02-03,2025,6,CIT-L05,2128.0,0.0,0,5320,5320
72,2025-02-10,2025,7,CIT-L05,2550.0,0.0,0,5320,5320
73,2025-02-17,2025,8,CIT-L05,2435.0,0.0,0,5320,5320
74,2025-02-24,2025,9,CIT-L05,2221.0,0.0,0,5320,5320
75,2025-03-03,2025,10,CIT-L05,2111.0,0.0,0,5320,5320
76,2025-03-10,2025,11,CIT-L05,2663.0,0.0,0,5320,5320
77,2025-03-17,2025,12,CIT-L05,2381.0,0.0,0,5320,5320
78,2025-03-24,2025,13,CIT-L05,2452.0,0.0,0,5320,5320
79,2025-03-31,2025,14,CIT-L05,1746.0,0.0,0,5320,5320
80,2025-04-07,2025,15,CIT-L05,3403.0,0.0,1,5320,4130
81,2025-04-14,2025,16,CIT-L05,1636.0,0.0,0,5320,5320
82,2025-04-21,2025,17,CIT-L05,1960.0,0.0,0,5320,5320
83,2025-04-28,2025,18,CIT-L05,1671.0,0.0,0,5320,5320
84,2025-05-05,2025,19,CIT-L05,1518.0,0.0,0,5320,5320
85,2025-05-12,2025,20,CIT-L05,1414.0,0.0,0,5320,5320
86,2025-05-19,2025,21,CIT-L05,1300.0,0.0,0,5320,5320
87,2025-05-26,2025,22,CIT-L05,1342.0,0.0,0,5320,5320
88,2025-06-02,2025,23,CIT-L05,1270.0,0.0,0,5320,5320
89,2025-06-09,2025,24,CIT-L05,1365.0,0.0,0,5320,5320
90,2025-06-16,2025,25,CIT-L05,1261.0,0.0,0,5320,5320
91,2025-06-23,2025,26,CIT-L05,993.0,0.0,0,5320,5320
92,2025-06-30,2025,27,CIT-L05,1699.0,0.0,1,5320,4044
93,2025-07-07,2025,28,CIT-L05,866.0,0.0,0,5320,5320
94,2025-07-14,2025,29,CIT-L05,1093.0,0.0,0,5320,5320
95,2025-07-21,2025,30,CIT-L05,1100.0,0.0,0,5320,5320
96,2025-07-28,2025,31,CIT-L05,1090.0,0.0,0,5320,5320
97,2025-08-04,2025,32,CIT-L05,1019.0,0.0,0,5320,5320
98,2025-08-11,2025,33,CIT-L05,1422.0,0.0,0,5320,5320
99,2025-08-18,2025,34,CIT-L05,1287.0,0.0,0,5320,5320
100,2025-08-25,2025,35,CIT-L05,1206.0,0.0,0,5320,5320
101,2025-09-01,2025,36,CIT-L05,1303.0,0.0,0,5320,5320
102,2025-09-08,2025,37,CIT-L05,1736.0,0.0,0,5320,5320
103,2025-09-15,2025,38,CIT-L05,1376.0,0.0,0,5320,5320
104,2025-09-22,2025,39,CIT-L05,3078.0,1.0,1,5320,4060
105,2025-09-29,2025,40,CIT-L05,1392.0,0.0,0,5320,5320
106,2025-10-06,2025,41,CIT-L05,1753.0,0.0,0,5320,5320
107,2025-10-13,2025,42,CIT-L05,2080.0,0.0,0,5320,5320
108,2025-10-20,2025,43,CIT-L05,1740.0,0.0,0,5320,5320
109,2025-10-27,2025,44,CIT-L05,2042.0,0.0,0,5320,5320
110,2025-11-03,2025,45,CIT-L05,2097.0,0.0,0,5320,5320
111,2025-11-10,2025,46,CIT-L05,2126.0,0.0,0,5320,5320
112,2025-11-17,2025,47,CIT-L05,3321.0,0.0,1,5320,4046
113,2025-11-24,2025,48,CIT-L05,2326.0,0.0,0,5320,5320
114,2025-12-01,2025,49,CIT-L05,2579.0,0.0,0,5320,5320
115,2025-12-08,2025,50,CIT-L05,2609.0,0.0,0,5320,5320
116,2025-12-15,2025,51,CIT-L05,2435.0,0.0,0,5320,5320
117,2025-12-22,2025,52,CIT-L05,2555.0,0.0,0,5320,5320
118,2025-12-29,2026,1,CIT-L05,32916.0,0.0,0,5320,5320
119,2026-01-05,2026,2,CIT-L05,2584.0,0.0,0,5320,5320
120,2026-01-12,2026,3,CIT-L05,2866.0,0.0,0,5320,5320
121,2026-01-19,2026,4,CIT-L05,2661.0,0.0,0,5320,5320
122,2026-01-26,2026,5,CIT-L05,4470.0,0.0,1,5320,4392
123,2026-02-02,2026,6,CIT-L05,2266.0,0.0,0,5320,5320
124,2026-02-09,2026,7,CIT-L05,2316.0,0.0,0,5320,5320
125,2026-02-16,2026,8,CIT-L05,2541.0,0.0,0,5320,5320
126,2026-02-23,2026,9,CIT-L05,2775.0,0.0,0,5320,5320
127,2026-03-02,2026,10,CIT-L05,2445.0,0.0,0,5320,5320
128,2026-03-09,2026,11,CIT-L05,2726.0,0.0,0,5320,5320
129,2026-03-16,2026,12,CIT-L05,2740.0,0.0,0,5320,5320
130,2026-03-23,2026,13,CIT-L05,1760.0,0.0,0,5320,5320
131,2026-03-30,2026,14,CIT-L05,2075.0,0.0,0,5320,5320
132,2026-04-06,2026,15,CIT-L05,1874.0,0.0,0,5320,5320
133,2026-04-13,2026,16,CIT-L05,2833.0,0.0,1,5320,4029
134,2026-04-20,2026,17,CIT-L05,1635.0,0.0,0,5320,5320
135,2026-04-27,2026,18,CIT-L05,1955.0,0.0,0,5320,5320
136,2026-05-04,2026,19,CIT-L05,1554.0,0.0,0,5320,5320
137,2026-05-11,2026,20,CIT-L05,1822.0,0.0,0,5320,5320
138,2026-05-18,2026,21,CIT-L05,1692.0,0.0,0,5320,5320
139,2026-05-25,2026,22,CIT-L05,1355.0,0.0,0,5320,5320
140,2026-06-01,2026,23,CIT-L05,1228.0,0.0,0,5320,5320
141,2026-06-08,2026,24,CIT-L05,1284.0,0.0,0,5320,5320
142,2026-06-15,2026,25,CIT-L05,960.0,0.0,0,5320,5320
143,2026-06-22,2026,26,CIT-L05,1114.0,0.0,0,5320,5320
144,2026-06-29,2026,27,CIT-L05,1803.0,0.0,1,5320,3797
145,2026-07-06,2026,28,CIT-L05,952.0,0.0,0,5320,5320
146,2026-07-13,2026,29,CIT-L05,1281.0,0.0,0,5320,5320
147,2026-07-20,2026,30,CIT-L05,1136.0,0.0,0,5320,5320
148,2026-07-27,2026,31,CIT-L05,1214.0,0.0,0,5320,5320
149,2026-08-03,2026,32,CIT-L05,1182.0,0.0,0,5320,5320
150,2026-08-10,2026,33,CIT-L05,1250.0,0.0,0,5320,5320
151,2026-08-17,2026,34,CIT-L05,1257.0,0.0,0,5320,5320
152,2026-08-24,2026,35,CIT-L05,1405.0,0.0,0,5320,5320
153,2026-08-31,2026,36,CIT-L05,1653.0,0.0,1,5320,3780
154,2026-09-07,2026,37,CIT-L05,1265.0,0.0,0,5320,5320
155,2026-09-14,2026,38,CIT-L05,1512.0,0.0,0,5320,5320
156,2026-09-21,2026,39,CIT-L05,1702.0,0.0,0,5320,5320
1,2023-10-02,2023,40,CIT-L15,2137.0,0.0,0,7980,7980
2,2023-10-09,2023,41,CIT-L15,1797.0,0.0,0,7980,7980
3,2023-10-16,2023,42,CIT-L15,1972.0,0.0,0,7980,7980
4,2023-10-23,2023,43,CIT-L15,2178.0,0.0,0,7980,7980
5,2023-10-30,2023,44,CIT-L15,2295.0,0.0,0,7980,7980
6,2023-11-06,2023,45,CIT-L15,2298.0,0.0,0,7980,7980
7,2023-11-13,2023,46,CIT-L15,2143.0,0.0,0,7980,7980
8,2023-11-20,2023,47,CIT-L15,2509.0,0.0,0,7980,7980
9,2023-11-27,2023,48,CIT-L15,4311.0,0.0,1,7980,6030
10,2023-12-04,2023,49,CIT-L15,2133.0,0.0,0,7980,7980
11,2023-12-11,2023,50,CIT-L15,2384.0,0.0,0,7980,7980
12,2023-12-18,2023,51,CIT-L15,3442.0,0.0,0,7980,7980
13,2023-12-25,2023,52,CIT-L15,2997.0,0.0,0,7980,7980
14,2024-01-01,2024,1,CIT-L15,2468.0,0.0,0,7980,7980
15,2024-01-08,2024,2,CIT-L15,3238.0,0.0,0,7980,7980
16,2024-01-15,2024,3,CIT-L15,5038.0,0.0,1,7980,6163
17,2024-01-22,2024,4,CIT-L15,2281.0,0.0,0,7980,7980
18,2024-01-29,2024,5,CIT-L15,2509.0,0.0,0,7980,7980
19,2024-02-05,2024,6,CIT-L15,2766.0,0.0,0,7980,7980
20,2024-02-12,2024,7,CIT-L15,2730.0,0.0,0,7980,7980
21,2024-02-19,2024,8,CIT-L15,2940.0,0.0,0,7980,7980
22,2024-02-26,2024,9,CIT-L15,2666.0,0.0,0,7980,7980
23,2024-03-04,2024,10,CIT-L15,2569.0,0.0,0,7980,7980
24,2024-03-11,2024,11,CIT-L15,5352.0,0.0,1,7980,6576
25,2024-03-18,2024,12,CIT-L15,2603.0,0.0,0,7980,7980
26,2024-03-25,2024,13,CIT-L15,2545.0,0.0,0,7980,7980
27,2024-04-01,2024,14,CIT-L15,2104.0,0.0,0,7980,7980
28,2024-04-08,2024,15,CIT-L15,1831.0,0.0,0,7980,7980
29,2024-04-15,2024,16,CIT-L15,2448.0,0.0,0,7980,7980
30,2024-04-22,2024,17,CIT-L15,2088.0,0.0,0,7980,7980
31,2024-04-29,2024,18,CIT-L15,2161.0,0.0,0,7980,7980
32,2024-05-06,2024,19,CIT-L15,1679.0,0.0,0,7980,7980
33,2024-05-13,2024,20,CIT-L15,1467.0,0.0,0,7980,7980
34,2024-05-20,2024,21,CIT-L15,2814.0,0.0,1,7980,6676
35,2024-05-27,2024,22,CIT-L15,1166.0,0.0,0,7980,7980
36,2024-06-03,2024,23,CIT-L15,1770.0,0.0,0,7980,7980
37,2024-06-10,2024,24,CIT-L15,1320.0,0.0,0,7980,7980
38,2024-06-17,2024,25,CIT-L15,1295.0,0.0,0,7980,7980
39,2024-06-24,2024,26,CIT-L15,1207.0,0.0,0,7980,7980
40,2024-07-01,2024,27,CIT-L15,1470.0,0.0,0,7980,7980
41,2024-07-08,2024,28,CIT-L15,1192.0,0.0,0,7980,7980
42,2024-07-15,2024,29,CIT-L15,1337.0,0.0,0,7980,7980
43,2024-07-22,2024,30,CIT-L15,1415.0,0.0,0,7980,7980
44,2024-07-29,2024,31,CIT-L15,1012.0,0.0,0,7980,7980
45,2024-08-05,2024,32,CIT-L15,1551.0,0.0,0,7980,7980
46,2024-08-12,2024,33,CIT-L15,1983.0,0.0,1,7980,5888
47,2024-08-19,2024,34,CIT-L15,1230.0,0.0,0,7980,7980
48,2024-08-26,2024,35,CIT-L15,1619.0,0.0,0,7980,7980
49,2024-09-02,2024,36,CIT-L15,1836.0,0.0,0,7980,7980
50,2024-09-09,2024,37,CIT-L15,1247.0,0.0,0,7980,7980
51,2024-09-16,2024,38,CIT-L15,1675.0,0.0,0,7980,7980
52,2024-09-23,2024,39,CIT-L15,2039.0,0.0,0,7980,7980
53,2024-09-30,2024,40,CIT-L15,1562.0,0.0,0,7980,7980
54,2024-10-07,2024,41,CIT-L15,2024.0,0.0,0,7980,7980
55,2024-10-14,2024,42,CIT-L15,1986.0,0.0,0,7980,7980
56,2024-10-21,2024,43,CIT-L15,2972.0,0.0,0,7980,7980
57,2024-10-28,2024,44,CIT-L15,3684.0,0.0,1,7980,6544
58,2024-11-04,2024,45,CIT-L15,1911.0,0.0,0,7980,7980
59,2024-11-11,2024,46,CIT-L15,2387.0,0.0,0,7980,7980
60,2024-11-18,2024,47,CIT-L15,3110.0,0.0,0,7980,7980
61,2024-11-25,2024,48,CIT-L15,2790.0,0.0,0,7980,7980
62,2024-12-02,2024,49,CIT-L15,2851.0,0.0,0,7980,7980
63,2024-12-09,2024,50,CIT-L15,3122.0,0.0,0,7980,7980
64,2024-12-16,2024,51,CIT-L15,4038.0,0.0,1,7980,6201
65,2024-12-23,2024,52,CIT-L15,2667.0,0.0,0,7980,7980
66,2024-12-30,2025,1,CIT-L15,2845.0,0.0,0,7980,7980
67,2025-01-06,2025,2,CIT-L15,2847.0,0.0,0,7980,7980
68,2025-01-13,2025,3,CIT-L15,2732.0,0.0,0,7980,7980
69,2025-01-20,2025,4,CIT-L15,3343.0,0.0,0,7980,7980
70,2025-01-27,2025,5,CIT-L15,2984.0,0.0,0,7980,7980
71,2025-02-03,2025,6,CIT-L15,2683.0,0.0,0,7980,7980
72,2025-02-10,2025,7,CIT-L15,2901.0,0.0,0,7980,7980
73,2025-02-17,2025,8,CIT-L15,3643.0,0.0,0,7980,7980
74,2025-02-24,2025,9,CIT-L15,2629.0,0.0,0,7980,7980
75,2025-03-03,2025,10,CIT-L15,4372.0,0.0,1,7980,6596
76,2025-03-10,2025,11,CIT-L15,2077.0,0.0,0,7980,7980
77,2025-03-17,2025,12,CIT-L15,2568.0,0.0,0,7980,7980
78,2025-03-24,2025,13,CIT-L15,2166.0,0.0,0,7980,7980
79,2025-03-31,2025,14,CIT-L15,2164.0,0.0,0,7980,7980
80,2025-04-07,2025,15,CIT-L15,2367.0,0.0,0,7980,7980
81,2025-04-14,2025,16,CIT-L15,2543.0,0.0,0,7980,7980
82,2025-04-21,2025,17,CIT-L15,1705.0,0.0,0,7980,7980
83,2025-04-28,2025,18,CIT-L15,3067.0,0.0,1,7980,6334
84,2025-05-05,2025,19,CIT-L15,1221.0,0.0,0,7980,7980
85,2025-05-12,2025,20,CIT-L15,1577.0,0.0,0,7980,7980
86,2025-05-19,2025,21,CIT-L15,1309.0,0.0,0,7980,7980
87,2025-05-26,2025,22,CIT-L15,1465.0,0.0,0,7980,7980
88,2025-06-02,2025,23,CIT-L15,1342.0,0.0,0,7980,7980
89,2025-06-09,2025,24,CIT-L15,1321.0,0.0,0,7980,7980
90,2025-06-16,2025,25,CIT-L15,1399.0,0.0,0,7980,7980
91,2025-06-23,2025,26,CIT-L15,1526.0,0.0,0,7980,7980
92,2025-06-30,2025,27,CIT-L15,1578.0,0.0,0,7980,7980
93,2025-07-07,2025,28,CIT-L15,1646.0,0.0,0,7980,7980
94,2025-07-14,2025,29,CIT-L15,1384.0,0.0,0,7980,7980
95,2025-07-21,2025,30,CIT-L15,2385.0,0.0,1,7980,5718
96,2025-07-28,2025,31,CIT-L15,958.0,0.0,0,7980,7980
97,2025-08-04,2025,32,CIT-L15,1339.0,0.0,0,7980,7980
98,2025-08-11,2025,33,CIT-L15,1267.0,0.0,0,7980,7980
99,2025-08-18,2025,34,CIT-L15,1276.0,0.0,0,7980,7980
100,2025-08-25,2025,35,CIT-L15,1431.0,0.0,0,7980,7980
101,2025-09-01,2025,36,CIT-L15,,,0,7980,7980
102,2025-09-08,2025,37,CIT-L15,,,1,7980,6433
103,2025-09-15,2025,38,CIT-L15,,,0,7980,7980
104,2025-09-22,2025,39,CIT-L15,1985.0,0.0,0,7980,7980
105,2025-09-29,2025,40,CIT-L15,1837.0,0.0,0,7980,7980
106,2025-10-06,2025,41,CIT-L15,2829.0,0.0,0,7980,7980
107,2025-10-13,2025,42,CIT-L15,2174.0,0.0,0,7980,7980
108,2025-10-20,2025,43,CIT-L15,2226.0,0.0,0,7980,7980
109,2025-10-27,2025,44,CIT-L15,2802.0,0.0,0,7980,7980
110,2025-11-03,2025,45,CIT-L15,3131.0,0.0,0,7980,7980
111,2025-11-10,2025,46,CIT-L15,4147.0,0.0,1,7980,6677
112,2025-11-17,2025,47,CIT-L15,2083.0,0.0,0,7980,7980
113,2025-11-24,2025,48,CIT-L15,2584.0,0.0,0,7980,7980
114,2025-12-01,2025,49,CIT-L15,3126.0,0.0,0,7980,7980
115,2025-12-08,2025,50,CIT-L15,2924.0,0.0,0,7980,7980
116,2025-12-15,2025,51,CIT-L15,2820.0,0.0,0,7980,7980
117,2025-12-22,2025,52,CIT-L15,3615.0,0.0,1,7980,6431
118,2025-12-29,2026,1,CIT-L15,2320.0,0.0,0,7980,7980
119,2026-01-05,2026,2,CIT-L15,3013.0,0.0,0,7980,7980
120,2026-01-12,2026,3,CIT-L15,2667.0,0.0,0,7980,7980
121,2026-01-19,2026,4,CIT-L15,2267.0,0.0,0,7980,7980
122,2026-01-26,2026,5,CIT-L15,3232.0,0.0,0,7980,7980
123,2026-02-02,2026,6,CIT-L15,2695.0,0.0,0,7980,7980
124,2026-02-09,2026,7,CIT-L15,2737.0,0.0,0,7980,7980
125,2026-02-16,2026,8,CIT-L15,2632.0,0.0,0,7980,7980
126,2026-02-23,2026,9,CIT-L15,2694.0,0.0,0,7980,7980
127,2026-03-02,2026,10,CIT-L15,3021.0,0.0,0,7980,7980
128,2026-03-09,2026,11,CIT-L15,2623.0,0.0,0,7980,7980
129,2026-03-16,2026,12,CIT-L15,3997.0,0.0,1,7980,6663
130,2026-03-23,2026,13,CIT-L15,1944.0,0.0,0,7980,7980
131,2026-03-30,2026,14,CIT-L15,2088.0,0.0,0,7980,7980
132,2026-04-06,2026,15,CIT-L15,2285.0,0.0,0,7980,7980
133,2026-04-13,2026,16,CIT-L15,2039.0,0.0,0,7980,7980
134,2026-04-20,2026,17,CIT-L15,1966.0,0.0,0,7980,7980
135,2026-04-27,2026,18,CIT-L15,1989.0,0.0,0,7980,7980
136,2026-05-04,2026,19,CIT-L15,1887.0,0.0,0,7980,7980
137,2026-05-11,2026,20,CIT-L15,1507.0,0.0,0,7980,7980
138,2026-05-18,2026,21,CIT-L15,1821.0,0.0,0,7980,7980
139,2026-05-25,2026,22,CIT-L15,1308.0,0.0,0,7980,7980
140,2026-06-01,2026,23,CIT-L15,1385.0,0.0,0,7980,7980
141,2026-06-08,2026,24,CIT-L15,2193.0,0.0,1,7980,6485
142,2026-06-15,2026,25,CIT-L15,1106.0,0.0,0,7980,7980
143,2026-06-22,2026,26,CIT-L15,1286.0,0.0,0,7980,7980
144,2026-06-29,2026,27,CIT-L15,1113.0,0.0,0,7980,7980
145,2026-07-06,2026,28,CIT-L15,1135.0,0.0,0,7980,7980
146,2026-07-13,2026,29,CIT-L15,1360.0,0.0,0,7980,7980
147,2026-07-20,2026,30,CIT-L15,1136.0,0.0,0,7980,7980
148,2026-07-27,2026,31,CIT-L15,1295.0,0.0,0,7980,7980
149,2026-08-03,2026,32,CIT-L15,1813.0,0.0,0,7980,7980
150,2026-08-10,2026,33,CIT-L15,1196.0,0.0,0,7980,7980
151,2026-08-17,2026,34,CIT-L15,1558.0,0.0,0,7980,7980
152,2026-08-24,2026,35,CIT-L15,2762.0,0.0,1,7980,5842
153,2026-08-31,2026,36,CIT-L15,1367.0,0.0,0,7980,7980
154,2026-09-07,2026,37,CIT-L15,1672.0,0.0,0,7980,7980
155,2026-09-14,2026,38,CIT-L15,1612.0,0.0,0,7980,7980
156,2026-09-21,2026,39,CIT-L15,1936.0,0.0,0,7980,7980
1,2023-10-02,2023,40,CIT-L30,360.0,0.0,0,10640,10640
2,2023-10-09,2023,41,CIT-L30,434.0,0.0,0,10640,10640
3,2023-10-16,2023,42,CIT-L30,461.0,0.0,0,10640,10640
4,2023-10-23,2023,43,CIT-L30,539.0,0.0,1,10640,8374
5,2023-10-30,2023,44,CIT-L30,364.0,0.0,0,10640,10640
6,2023-11-06,2023,45,CIT-L30,468.0,0.0,0,10640,10640
7,2023-11-13,2023,46,CIT-L30,603.0,0.0,0,10640,10640
8,2023-11-20,2023,47,CIT-L30,466.0,0.0,0,10640,10640
9,2023-11-27,2023,48,CIT-L30,539.0,0.0,0,10640,10640
10,2023-12-04,2023,49,CIT-L30,797.0,0.0,1,10640,8180
11,2023-12-11,2023,50,CIT-L30,463.0,0.0,0,10640,10640
12,2023-12-18,2023,51,CIT-L30,681.0,0.0,0,10640,10640
13,2023-12-25,2023,52,CIT-L30,579.0,0.0,0,10640,10640
14,2024-01-01,2024,1,CIT-L30,656.0,0.0,0,10640,10640
15,2024-01-08,2024,2,CIT-L30,500.0,0.0,0,10640,10640
16,2024-01-15,2024,3,CIT-L30,606.0,0.0,0,10640,10640
17,2024-01-22,2024,4,CIT-L30,589.0,0.0,0,10640,10640
18,2024-01-29,2024,5,CIT-L30,649.0,0.0,0,10640,10640
19,2024-02-05,2024,6,CIT-L30,585.0,0.0,0,10640,10640
20,2024-02-12,2024,7,CIT-L30,655.0,0.0,0,10640,10640
21,2024-02-19,2024,8,CIT-L30,852.0,0.0,1,10640,7814
22,2024-02-26,2024,9,CIT-L30,508.0,0.0,0,10640,10640
23,2024-03-04,2024,10,CIT-L30,550.0,0.0,0,10640,10640
24,2024-03-11,2024,11,CIT-L30,500.0,0.0,0,10640,10640
25,2024-03-18,2024,12,CIT-L30,557.0,0.0,0,10640,10640
26,2024-03-25,2024,13,CIT-L30,496.0,0.0,0,10640,10640
27,2024-04-01,2024,14,CIT-L30,490.0,0.0,0,10640,10640
28,2024-04-08,2024,15,CIT-L30,613.0,0.0,1,10640,7977
29,2024-04-15,2024,16,CIT-L30,348.0,0.0,0,10640,10640
30,2024-04-22,2024,17,CIT-L30,403.0,0.0,0,10640,10640
31,2024-04-29,2024,18,CIT-L30,367.0,0.0,0,10640,10640
32,2024-05-06,2024,19,CIT-L30,366.0,0.0,0,10640,10640
33,2024-05-13,2024,20,CIT-L30,345.0,0.0,0,10640,10640
34,2024-05-20,2024,21,CIT-L30,321.0,0.0,0,10640,10640
35,2024-05-27,2024,22,CIT-L30,303.0,0.0,0,10640,10640
36,2024-06-03,2024,23,CIT-L30,292.0,0.0,0,10640,10640
37,2024-06-10,2024,24,CIT-L30,294.0,0.0,0,10640,10640
38,2024-06-17,2024,25,CIT-L30,446.0,0.0,1,10640,8982
39,2024-06-24,2024,26,CIT-L30,192.0,0.0,0,10640,10640
40,2024-07-01,2024,27,CIT-L30,245.0,0.0,0,10640,10640
41,2024-07-08,2024,28,CIT-L30,213.0,0.0,0,10640,10640
42,2024-07-15,2024,29,CIT-L30,243.0,0.0,0,10640,10640
43,2024-07-22,2024,30,CIT-L30,227.0,0.0,0,10640,10640
44,2024-07-29,2024,31,CIT-L30,252.0,0.0,0,10640,10640
45,2024-08-05,2024,32,CIT-L30,246.0,0.0,0,10640,10640
46,2024-08-12,2024,33,CIT-L30,234.0,0.0,0,10640,10640
47,2024-08-19,2024,34,CIT-L30,360.0,0.0,1,10640,8460
48,2024-08-26,2024,35,CIT-L30,279.0,0.0,0,10640,10640
49,2024-09-02,2024,36,CIT-L30,261.0,0.0,0,10640,10640
50,2024-09-09,2024,37,CIT-L30,292.0,0.0,0,10640,10640
51,2024-09-16,2024,38,CIT-L30,306.0,0.0,0,10640,10640
52,2024-09-23,2024,39,CIT-L30,423.0,0.0,0,10640,10640
53,2024-09-30,2024,40,CIT-L30,351.0,0.0,0,10640,10640
54,2024-10-07,2024,41,CIT-L30,417.0,0.0,0,10640,10640
55,2024-10-14,2024,42,CIT-L30,374.0,0.0,0,10640,10640
56,2024-10-21,2024,43,CIT-L30,440.0,0.0,0,10640,10640
57,2024-10-28,2024,44,CIT-L30,468.0,0.0,0,10640,10640
58,2024-11-04,2024,45,CIT-L30,583.0,0.0,1,10640,7688
59,2024-11-11,2024,46,CIT-L30,446.0,0.0,0,10640,10640
60,2024-11-18,2024,47,CIT-L30,639.0,0.0,0,10640,10640
61,2024-11-25,2024,48,CIT-L30,462.0,0.0,0,10640,10640
62,2024-12-02,2024,49,CIT-L30,551.0,0.0,0,10640,10640
63,2024-12-09,2024,50,CIT-L30,550.0,0.0,0,10640,10640
64,2024-12-16,2024,51,CIT-L30,487.0,0.0,0,10640,10640
65,2024-12-23,2024,52,CIT-L30,571.0,0.0,0,10640,10640
66,2024-12-30,2025,1,CIT-L30,538.0,0.0,1,10640,8766
67,2025-01-06,2025,2,CIT-L30,567.0,0.0,0,10640,10640
68,2025-01-13,2025,3,CIT-L30,531.0,0.0,0,10640,10640
69,2025-01-20,2025,4,CIT-L30,611.0,0.0,0,10640,10640
70,2025-01-27,2025,5,CIT-L30,646.0,0.0,0,10640,10640
71,2025-02-03,2025,6,CIT-L30,606.0,0.0,0,10640,10640
72,2025-02-10,2025,7,CIT-L30,604.0,0.0,1,10640,7638
73,2025-02-17,2025,8,CIT-L30,446.0,0.0,0,10640,10640
74,2025-02-24,2025,9,CIT-L30,617.0,0.0,0,10640,10640
75,2025-03-03,2025,10,CIT-L30,547.0,0.0,0,10640,10640
76,2025-03-10,2025,11,CIT-L30,538.0,0.0,0,10640,10640
77,2025-03-17,2025,12,CIT-L30,474.0,0.0,0,10640,10640
78,2025-03-24,2025,13,CIT-L30,523.0,0.0,0,10640,10640
79,2025-03-31,2025,14,CIT-L30,533.0,0.0,0,10640,10640
80,2025-04-07,2025,15,CIT-L30,437.0,0.0,0,10640,10640
81,2025-04-14,2025,16,CIT-L30,375.0,0.0,0,10640,10640
82,2025-04-21,2025,17,CIT-L30,377.0,0.0,0,10640,10640
83,2025-04-28,2025,18,CIT-L30,689.0,0.0,1,10640,7652
84,2025-05-05,2025,19,CIT-L30,245.0,0.0,0,10640,10640
85,2025-05-12,2025,20,CIT-L30,283.0,0.0,0,10640,10640
86,2025-05-19,2025,21,CIT-L30,336.0,0.0,0,10640,10640
87,2025-05-26,2025,22,CIT-L30,331.0,0.0,0,10640,10640
88,2025-06-02,2025,23,CIT-L30,261.0,0.0,0,10640,10640
89,2025-06-09,2025,24,CIT-L30,421.0,0.0,1,10640,7971
90,2025-06-16,2025,25,CIT-L30,220.0,0.0,0,10640,10640
91,2025-06-23,2025,26,CIT-L30,281.0,0.0,0,10640,10640
92,2025-06-30,2025,27,CIT-L30,218.0,0.0,0,10640,10640
93,2025-07-07,2025,28,CIT-L30,269.0,0.0,0,10640,10640
94,2025-07-14,2025,29,CIT-L30,241.0,0.0,0,10640,10640
95,2025-07-21,2025,30,CIT-L30,219.0,0.0,0,10640,10640
96,2025-07-28,2025,31,CIT-L30,230.0,0.0,0,10640,10640
97,2025-08-04,2025,32,CIT-L30,224.0,0.0,0,10640,10640
98,2025-08-11,2025,33,CIT-L30,237.0,0.0,0,10640,10640
99,2025-08-18,2025,34,CIT-L30,240.0,0.0,0,10640,10640
100,2025-08-25,2025,35,CIT-L30,272.0,0.0,0,10640,10640
101,2025-09-01,2025,36,CIT-L30,556.0,0.0,1,10640,7685
102,2025-09-08,2025,37,CIT-L30,272.0,0.0,0,10640,10640
103,2025-09-15,2025,38,CIT-L30,305.0,0.0,0,10640,10640
104,2025-09-22,2025,39,CIT-L30,355.0,0.0,0,10640,10640
105,2025-09-29,2025,40,CIT-L30,372.0,0.0,0,10640,10640
106,2025-10-06,2025,41,CIT-L30,430.0,0.0,0,10640,10640
107,2025-10-13,2025,42,CIT-L30,318.0,0.0,0,10640,10640
108,2025-10-20,2025,43,CIT-L30,357.0,0.0,0,10640,10640
109,2025-10-27,2025,44,CIT-L30,488.0,0.0,0,10640,10640
110,2025-11-03,2025,45,CIT-L30,447.0,0.0,0,10640,10640
111,2025-11-10,2025,46,CIT-L30,698.0,0.0,1,10640,8807
112,2025-11-17,2025,47,CIT-L30,430.0,0.0,0,10640,10640
113,2025-11-24,2025,48,CIT-L30,499.0,0.0,0,10640,10640
114,2025-12-01,2025,49,CIT-L30,596.0,0.0,0,10640,10640
115,2025-12-08,2025,50,CIT-L30,673.0,0.0,0,10640,10640
116,2025-12-15,2025,51,CIT-L30,544.0,0.0,0,10640,10640
117,2025-12-22,2025,52,CIT-L30,471.0,0.0,0,10640,10640
118,2025-12-29,2026,1,CIT-L30,628.0,0.0,0,10640,10640
119,2026-01-05,2026,2,CIT-L30,512.0,0.0,0,10640,10640
120,2026-01-12,2026,3,CIT-L30,562.0,0.0,0,10640,10640
121,2026-01-19,2026,4,CIT-L30,715.0,0.0,0,10640,10640
122,2026-01-26,2026,5,CIT-L30,880.0,0.0,0,10640,10640
123,2026-02-02,2026,6,CIT-L30,843.0,0.0,1,10640,8355
124,2026-02-09,2026,7,CIT-L30,512.0,0.0,0,10640,10640
125,2026-02-16,2026,8,CIT-L30,566.0,0.0,0,10640,10640
126,2026-02-23,2026,9,CIT-L30,573.0,0.0,0,10640,10640
127,2026-03-02,2026,10,CIT-L30,527.0,0.0,0,10640,10640
128,2026-03-09,2026,11,CIT-L30,556.0,0.0,0,10640,10640
129,2026-03-16,2026,12,CIT-L30,550.0,0.0,0,10640,10640
130,2026-03-23,2026,13,CIT-L30,429.0,0.0,0,10640,10640
131,2026-03-30,2026,14,CIT-L30,488.0,0.0,0,10640,10640
132,2026-04-06,2026,15,CIT-L30,456.0,0.0,0,10640,10640
133,2026-04-13,2026,16,CIT-L30,367.0,0.0,0,10640,10640
134,2026-04-20,2026,17,CIT-L30,538.0,0.0,1,10640,8579
135,2026-04-27,2026,18,CIT-L30,369.0,0.0,0,10640,10640
136,2026-05-04,2026,19,CIT-L30,352.0,0.0,0,10640,10640
137,2026-05-11,2026,20,CIT-L30,327.0,0.0,0,10640,10640
138,2026-05-18,2026,21,CIT-L30,362.0,0.0,0,10640,10640
139,2026-05-25,2026,22,CIT-L30,306.0,0.0,0,10640,10640
140,2026-06-01,2026,23,CIT-L30,301.0,0.0,0,10640,10640
141,2026-06-08,2026,24,CIT-L30,329.0,0.0,0,10640,10640
142,2026-06-15,2026,25,CIT-L30,308.0,0.0,0,10640,10640
143,2026-06-22,2026,26,CIT-L30,278.0,0.0,0,10640,10640
144,2026-06-29,2026,27,CIT-L30,184.0,0.0,0,10640,10640
145,2026-07-06,2026,28,CIT-L30,336.0,0.0,1,10640,8055
146,2026-07-13,2026,29,CIT-L30,217.0,0.0,0,10640,10640
147,2026-07-20,2026,30,CIT-L30,237.0,0.0,0,10640,10640
148,2026-07-27,2026,31,CIT-L30,213.0,0.0,0,10640,10640
149,2026-08-03,2026,32,CIT-L30,205.0,0.0,0,10640,10640
150,2026-08-10,2026,33,CIT-L30,211.0,0.0,0,10640,10640
151,2026-08-17,2026,34,CIT-L30,268.0,0.0,0,10640,10640
152,2026-08-24,2026,35,CIT-L30,420.0,0.0,1,10640,7696
153,2026-08-31,2026,36,CIT-L30,276.0,0.0,0,10640,10640
154,2026-09-07,2026,37,CIT-L30,261.0,0.0,0,10640,10640
155,2026-09-14,2026,38,CIT-L30,303.0,0.0,0,10640,10640
156,2026-09-21,2026,39,CIT-L30,425.0,0.0,0,10640,10640
1,2023-10-02,2023,40,FUN-B05,1192.0,0.0,0,9920,9920
2,2023-10-09,2023,41,FUN-B05,1349.0,0.0,0,9920,9920
3,2023-10-16,2023,42,FUN-B05,1165.0,0.0,0,9920,9920
4,2023-10-23,2023,43,FUN-B05,1211.0,0.0,0,9920,9920
5,2023-10-30,2023,44,FUN-B05,1091.0,0.0,0,9920,9920
6,2023-11-06,2023,45,FUN-B05,1184.0,0.0,0,9920,9920
7,2023-11-13,2023,46,FUN-B05,1210.0,0.0,0,9920,9920
8,2023-11-20,2023,47,FUN-B05,1680.0,0.0,0,9920,9920
9,2023-11-27,2023,48,FUN-B05,1329.0,0.0,0,9920,9920
10,2023-12-04,2023,49,FUN-B05,1285.0,0.0,0,9920,9920
11,2023-12-11,2023,50,FUN-B05,2876.0,0.0,1,9920,7418
12,2023-12-18,2023,51,FUN-B05,1489.0,0.0,0,9920,9920
13,2023-12-25,2023,52,FUN-B05,1219.0,0.0,0,9920,9920
14,2024-01-01,2024,1,FUN-B05,1555.0,0.0,0,9920,9920
15,2024-01-08,2024,2,FUN-B05,1710.0,0.0,0,9920,9920
16,2024-01-15,2024,3,FUN-B05,1385.0,0.0,0,9920,9920
17,2024-01-22,2024,4,FUN-B05,1531.0,0.0,0,9920,9920
18,2024-01-29,2024,5,FUN-B05,1598.0,0.0,0,9920,9920
19,2024-02-05,2024,6,FUN-B05,2088.0,0.0,1,9920,7870
20,2024-02-12,2024,7,FUN-B05,1445.0,0.0,0,9920,9920
21,2024-02-19,2024,8,FUN-B05,1214.0,0.0,0,9920,9920
22,2024-02-26,2024,9,FUN-B05,1354.0,0.0,0,9920,9920
23,2024-03-04,2024,10,FUN-B05,1741.0,0.0,0,9920,9920
24,2024-03-11,2024,11,FUN-B05,1235.0,0.0,0,9920,9920
25,2024-03-18,2024,12,FUN-B05,2138.0,0.0,1,9920,8414
26,2024-03-25,2024,13,FUN-B05,1272.0,0.0,0,9920,9920
27,2024-04-01,2024,14,FUN-B05,1497.0,0.0,0,9920,9920
28,2024-04-08,2024,15,FUN-B05,1329.0,0.0,0,9920,9920
29,2024-04-15,2024,16,FUN-B05,1353.0,0.0,0,9920,9920
30,2024-04-22,2024,17,FUN-B05,1168.0,0.0,0,9920,9920
31,2024-04-29,2024,18,FUN-B05,1580.0,0.0,0,9920,9920
32,2024-05-06,2024,19,FUN-B05,1469.0,0.0,0,9920,9920
33,2024-05-13,2024,20,FUN-B05,1305.0,0.0,0,9920,9920
34,2024-05-20,2024,21,FUN-B05,1170.0,0.0,0,9920,9920
35,2024-05-27,2024,22,FUN-B05,2160.0,0.0,1,9920,7946
36,2024-06-03,2024,23,FUN-B05,994.0,0.0,0,9920,9920
37,2024-06-10,2024,24,FUN-B05,1140.0,0.0,0,9920,9920
38,2024-06-17,2024,25,FUN-B05,1149.0,0.0,0,9920,9920
39,2024-06-24,2024,26,FUN-B05,1252.0,0.0,0,9920,9920
40,2024-07-01,2024,27,FUN-B05,826.0,0.0,0,9920,9920
41,2024-07-08,2024,28,FUN-B05,988.0,0.0,0,9920,9920
42,2024-07-15,2024,29,FUN-B05,1303.0,0.0,0,9920,9920
43,2024-07-22,2024,30,FUN-B05,1093.0,0.0,0,9920,9920
44,2024-07-29,2024,31,FUN-B05,920.0,0.0,0,9920,9920
45,2024-08-05,2024,32,FUN-B05,1678.0,0.0,1,9920,7481
46,2024-08-12,2024,33,FUN-B05,1087.0,0.0,0,9920,9920
47,2024-08-19,2024,34,FUN-B05,1207.0,0.0,0,9920,9920
48,2024-08-26,2024,35,FUN-B05,1136.0,0.0,0,9920,9920
49,2024-09-02,2024,36,FUN-B05,990.0,0.0,0,9920,9920
50,2024-09-09,2024,37,FUN-B05,1271.0,0.0,0,9920,9920
51,2024-09-16,2024,38,FUN-B05,1071.0,0.0,0,9920,9920
52,2024-09-23,2024,39,FUN-B05,1956.0,0.0,1,9920,7122
53,2024-09-30,2024,40,FUN-B05,1012.0,0.0,0,9920,9920
54,2024-10-07,2024,41,FUN-B05,1305.0,0.0,0,9920,9920
55,2024-10-14,2024,42,FUN-B05,1742.0,0.0,0,9920,9920
56,2024-10-21,2024,43,FUN-B05,1500.0,0.0,0,9920,9920
57,2024-10-28,2024,44,FUN-B05,1378.0,0.0,0,9920,9920
58,2024-11-04,2024,45,FUN-B05,1810.0,0.0,0,9920,9920
59,2024-11-11,2024,46,FUN-B05,1437.0,0.0,0,9920,9920
60,2024-11-18,2024,47,FUN-B05,1382.0,0.0,0,9920,9920
61,2024-11-25,2024,48,FUN-B05,1599.0,0.0,0,9920,9920
62,2024-12-02,2024,49,FUN-B05,1620.0,0.0,0,9920,9920
63,2024-12-09,2024,50,FUN-B05,1658.0,0.0,0,9920,9920
64,2024-12-16,2024,51,FUN-B05,2316.0,0.0,1,9920,7276
65,2024-12-23,2024,52,FUN-B05,1358.0,0.0,0,9920,9920
66,2024-12-30,2025,1,FUN-B05,1699.0,0.0,0,9920,9920
67,2025-01-06,2025,2,FUN-B05,1663.0,0.0,0,9920,9920
68,2025-01-13,2025,3,FUN-B05,2180.0,0.0,0,9920,9920
69,2025-01-20,2025,4,FUN-B05,1676.0,0.0,0,9920,9920
70,2025-01-27,2025,5,FUN-B05,2292.0,0.0,0,9920,9920
71,2025-02-03,2025,6,FUN-B05,2026.0,0.0,0,9920,9920
72,2025-02-10,2025,7,FUN-B05,1820.0,0.0,0,9920,9920
73,2025-02-17,2025,8,FUN-B05,1520.0,0.0,0,9920,9920
74,2025-02-24,2025,9,FUN-B05,1666.0,0.0,0,9920,9920
75,2025-03-03,2025,10,FUN-B05,3053.0,0.0,1,9920,7865
76,2025-03-10,2025,11,FUN-B05,1613.0,0.0,0,9920,9920
77,2025-03-17,2025,12,FUN-B05,1520.0,0.0,0,9920,9920
78,2025-03-24,2025,13,FUN-B05,1760.0,0.0,0,9920,9920
79,2025-03-31,2025,14,FUN-B05,1883.0,0.0,0,9920,9920
80,2025-04-07,2025,15,FUN-B05,1406.0,0.0,0,9920,9920
81,2025-04-14,2025,16,FUN-B05,2525.0,0.0,1,9920,7434
82,2025-04-21,2025,17,FUN-B05,1184.0,0.0,0,9920,9920
83,2025-04-28,2025,18,FUN-B05,1357.0,0.0,0,9920,9920
84,2025-05-05,2025,19,FUN-B05,1506.0,0.0,0,9920,9920
85,2025-05-12,2025,20,FUN-B05,1244.0,0.0,0,9920,9920
86,2025-05-19,2025,21,FUN-B05,1341.0,0.0,0,9920,9920
87,2025-05-26,2025,22,FUN-B05,1576.0,0.0,0,9920,9920
88,2025-06-02,2025,23,FUN-B05,1294.0,0.0,0,9920,9920
89,2025-06-09,2025,24,FUN-B05,1384.0,0.0,0,9920,9920
90,2025-06-16,2025,25,FUN-B05,1347.0,0.0,0,9920,9920
91,2025-06-23,2025,26,FUN-B05,1225.0,0.0,0,9920,9920
92,2025-06-30,2025,27,FUN-B05,1332.0,0.0,0,9920,9920
93,2025-07-07,2025,28,FUN-B05,1958.0,0.0,1,9920,7821
94,2025-07-14,2025,29,FUN-B05,1139.0,0.0,0,9920,9920
95,2025-07-21,2025,30,FUN-B05,1266.0,0.0,0,9920,9920
96,2025-07-28,2025,31,FUN-B05,1033.0,0.0,0,9920,9920
97,2025-08-04,2025,32,FUN-B05,1721.0,0.0,0,9920,9920
98,2025-08-11,2025,33,FUN-B05,1965.0,0.0,0,9920,9920
99,2025-08-18,2025,34,FUN-B05,1579.0,0.0,0,9920,9920
100,2025-08-25,2025,35,FUN-B05,3388.0,0.0,1,9920,7977
101,2025-09-01,2025,36,FUN-B05,1241.0,0.0,0,9920,9920
102,2025-09-08,2025,37,FUN-B05,2002.0,0.0,0,9920,9920
103,2025-09-15,2025,38,FUN-B05,2261.0,0.0,0,9920,9920
104,2025-09-22,2025,39,FUN-B05,2102.0,0.0,0,9920,9920
105,2025-09-29,2025,40,FUN-B05,1671.0,0.0,0,9920,9920
106,2025-10-06,2025,41,FUN-B05,3635.0,0.0,1,9920,6971
107,2025-10-13,2025,42,FUN-B05,1747.0,0.0,0,9920,9920
108,2025-10-20,2025,43,FUN-B05,2371.0,0.0,0,9920,9920
109,2025-10-27,2025,44,FUN-B05,2279.0,0.0,0,9920,9920
110,2025-11-03,2025,45,FUN-B05,2073.0,0.0,0,9920,9920
111,2025-11-10,2025,46,FUN-B05,2271.0,0.0,0,9920,9920
112,2025-11-17,2025,47,FUN-B05,2458.0,0.0,0,9920,9920
113,2025-11-24,2025,48,FUN-B05,3675.0,0.0,1,9920,8342
114,2025-12-01,2025,49,FUN-B05,1874.0,0.0,0,9920,9920
115,2025-12-08,2025,50,FUN-B05,2448.0,0.0,0,9920,9920
116,2025-12-15,2025,51,FUN-B05,2683.0,0.0,0,9920,9920
117,2025-12-22,2025,52,FUN-B05,2969.0,0.0,0,9920,9920
118,2025-12-29,2026,1,FUN-B05,2397.0,0.0,0,9920,9920
119,2026-01-05,2026,2,FUN-B05,2722.0,0.0,0,9920,9920
120,2026-01-12,2026,3,FUN-B05,4120.0,0.0,1,9920,6962
121,2026-01-19,2026,4,FUN-B05,1878.0,0.0,0,9920,9920
122,2026-01-26,2026,5,FUN-B05,3129.0,0.0,0,9920,9920
123,2026-02-02,2026,6,FUN-B05,2935.0,0.0,0,9920,9920
124,2026-02-09,2026,7,FUN-B05,2268.0,0.0,0,9920,9920
125,2026-02-16,2026,8,FUN-B05,3509.0,0.0,0,9920,9920
126,2026-02-23,2026,9,FUN-B05,2904.0,0.0,0,9920,9920
127,2026-03-02,2026,10,FUN-B05,3008.0,0.0,0,9920,9920
128,2026-03-09,2026,11,FUN-B05,2998.0,0.0,0,9920,9920
129,2026-03-16,2026,12,FUN-B05,2898.0,0.0,0,9920,9920
130,2026-03-23,2026,13,FUN-B05,2603.0,0.0,0,9920,9920
131,2026-03-30,2026,14,FUN-B05,3450.0,0.0,1,9920,7280
132,2026-04-06,2026,15,FUN-B05,2342.0,0.0,0,9920,9920
133,2026-04-13,2026,16,FUN-B05,2306.0,0.0,0,9920,9920
134,2026-04-20,2026,17,FUN-B05,2008.0,0.0,0,9920,9920
135,2026-04-27,2026,18,FUN-B05,2288.0,0.0,0,9920,9920
136,2026-05-04,2026,19,FUN-B05,2420.0,0.0,0,9920,9920
137,2026-05-11,2026,20,FUN-B05,2761.0,0.0,0,9920,9920
138,2026-05-18,2026,21,FUN-B05,1927.0,0.0,0,9920,9920
139,2026-05-25,2026,22,FUN-B05,2047.0,0.0,0,9920,9920
140,2026-06-01,2026,23,FUN-B05,2697.0,0.0,0,9920,9920
141,2026-06-08,2026,24,FUN-B05,1895.0,0.0,0,9920,9920
142,2026-06-15,2026,25,FUN-B05,3281.0,0.0,1,9920,8131
143,2026-06-22,2026,26,FUN-B05,1702.0,0.0,0,9920,9920
144,2026-06-29,2026,27,FUN-B05,2097.0,0.0,0,9920,9920
145,2026-07-06,2026,28,FUN-B05,2145.0,0.0,0,9920,9920
146,2026-07-13,2026,29,FUN-B05,2184.0,0.0,0,9920,9920
147,2026-07-20,2026,30,FUN-B05,1739.0,0.0,0,9920,9920
148,2026-07-27,2026,31,FUN-B05,2472.0,0.0,0,9920,9920
149,2026-08-03,2026,32,FUN-B05,2310.0,0.0,0,9920,9920
150,2026-08-10,2026,33,FUN-B05,2236.0,0.0,0,9920,9920
151,2026-08-17,2026,34,FUN-B05,1956.0,0.0,0,9920,9920
152,2026-08-24,2026,35,FUN-B05,1844.0,0.0,0,9920,9920
153,2026-08-31,2026,36,FUN-B05,2850.0,0.0,1,9920,7621
154,2026-09-07,2026,37,FUN-B05,2029.0,0.0,0,9920,9920
155,2026-09-14,2026,38,FUN-B05,2060.0,0.0,0,9920,9920
156,2026-09-21,2026,39,FUN-B05,2427.0,0.0,0,9920,9920
1,2023-10-02,2023,40,FUN-B15,818.0,0.0,0,14880,14880
2,2023-10-09,2023,41,FUN-B15,786.0,0.0,0,14880,14880
3,2023-10-16,2023,42,FUN-B15,743.0,0.0,0,14880,14880
4,2023-10-23,2023,43,FUN-B15,775.0,0.0,0,14880,14880
5,2023-10-30,2023,44,FUN-B15,695.0,0.0,0,14880,14880
6,2023-11-06,2023,45,FUN-B15,930.0,0.0,0,14880,14880
7,2023-11-13,2023,46,FUN-B15,852.0,0.0,0,14880,14880
8,2023-11-20,2023,47,FUN-B15,712.0,0.0,0,14880,14880
9,2023-11-27,2023,48,FUN-B15,920.0,0.0,0,14880,14880
10,2023-12-04,2023,49,FUN-B15,1179.0,0.0,1,14880,10784
11,2023-12-11,2023,50,FUN-B15,762.0,0.0,0,14880,14880
12,2023-12-18,2023,51,FUN-B15,876.0,0.0,0,14880,14880
13,2023-12-25,2023,52,FUN-B15,932.0,0.0,0,14880,14880
14,2024-01-01,2024,1,FUN-B15,1025.0,0.0,0,14880,14880
15,2024-01-08,2024,2,FUN-B15,1112.0,0.0,0,14880,14880
16,2024-01-15,2024,3,FUN-B15,1049.0,0.0,0,14880,14880
17,2024-01-22,2024,4,FUN-B15,973.0,0.0,0,14880,14880
18,2024-01-29,2024,5,FUN-B15,1328.0,0.0,0,14880,14880
19,2024-02-05,2024,6,FUN-B15,1457.0,0.0,1,14880,10939
20,2024-02-12,2024,7,FUN-B15,1066.0,0.0,0,14880,14880
21,2024-02-19,2024,8,FUN-B15,1157.0,0.0,0,14880,14880
22,2024-02-26,2024,9,FUN-B15,1196.0,0.0,0,14880,14880
23,2024-03-04,2024,10,FUN-B15,1031.0,0.0,0,14880,14880
24,2024-03-11,2024,11,FUN-B15,1355.0,0.0,0,14880,14880
25,2024-03-18,2024,12,FUN-B15,1214.0,0.0,0,14880,14880
26,2024-03-25,2024,13,FUN-B15,919.0,0.0,0,14880,14880
27,2024-04-01,2024,14,FUN-B15,1066.0,0.0,0,14880,14880
28,2024-04-08,2024,15,FUN-B15,1973.0,0.0,1,14880,11902
29,2024-04-15,2024,16,FUN-B15,987.0,0.0,0,14880,14880
30,2024-04-22,2024,17,FUN-B15,913.0,0.0,0,14880,14880
31,2024-04-29,2024,18,FUN-B15,986.0,0.0,0,14880,14880
32,2024-05-06,2024,19,FUN-B15,897.0,0.0,0,14880,14880
33,2024-05-13,2024,20,FUN-B15,653.0,0.0,0,14880,14880
34,2024-05-20,2024,21,FUN-B15,941.0,0.0,0,14880,14880
35,2024-05-27,2024,22,FUN-B15,783.0,0.0,0,14880,14880
36,2024-06-03,2024,23,FUN-B15,832.0,0.0,0,14880,14880
37,2024-06-10,2024,24,FUN-B15,793.0,0.0,0,14880,14880
38,2024-06-17,2024,25,FUN-B15,813.0,0.0,0,14880,14880
39,2024-06-24,2024,26,FUN-B15,1327.0,0.0,1,14880,12295
40,2024-07-01,2024,27,FUN-B15,645.0,0.0,0,14880,14880
41,2024-07-08,2024,28,FUN-B15,727.0,0.0,0,14880,14880
42,2024-07-15,2024,29,FUN-B15,637.0,0.0,0,14880,14880
43,2024-07-22,2024,30,FUN-B15,790.0,0.0,0,14880,14880
44,2024-07-29,2024,31,FUN-B15,664.0,0.0,0,14880,14880
45,2024-08-05,2024,32,FUN-B15,1166.0,0.0,1,14880,12090
46,2024-08-12,2024,33,FUN-B15,734.0,0.0,0,14880,14880
47,2024-08-19,2024,34,FUN-B15,821.0,0.0,0,14880,14880
48,2024-08-26,2024,35,FUN-B15,921.0,0.0,0,14880,14880
49,2024-09-02,2024,36,FUN-B15,994.0,0.0,0,14880,14880
50,2024-09-09,2024,37,FUN-B15,735.0,0.0,0,14880,14880
51,2024-09-16,2024,38,FUN-B15,720.0,0.0,0,14880,14880
52,2024-09-23,2024,39,FUN-B15,1288.0,0.0,1,14880,11313
53,2024-09-30,2024,40,FUN-B15,650.0,0.0,0,14880,14880
54,2024-10-07,2024,41,FUN-B15,1071.0,0.0,0,14880,14880
55,2024-10-14,2024,42,FUN-B15,1011.0,0.0,0,14880,14880
56,2024-10-21,2024,43,FUN-B15,874.0,0.0,0,14880,14880
57,2024-10-28,2024,44,FUN-B15,989.0,0.0,0,14880,14880
58,2024-11-04,2024,45,FUN-B15,784.0,0.0,0,14880,14880
59,2024-11-11,2024,46,FUN-B15,929.0,0.0,0,14880,14880
60,2024-11-18,2024,47,FUN-B15,1556.0,0.0,1,14880,11787
61,2024-11-25,2024,48,FUN-B15,864.0,0.0,0,14880,14880
62,2024-12-02,2024,49,FUN-B15,1078.0,0.0,0,14880,14880
63,2024-12-09,2024,50,FUN-B15,1104.0,0.0,0,14880,14880
64,2024-12-16,2024,51,FUN-B15,1162.0,0.0,0,14880,14880
65,2024-12-23,2024,52,FUN-B15,1161.0,0.0,0,14880,14880
66,2024-12-30,2025,1,FUN-B15,1222.0,0.0,0,14880,14880
67,2025-01-06,2025,2,FUN-B15,1365.0,0.0,0,14880,14880
68,2025-01-13,2025,3,FUN-B15,1152.0,0.0,0,14880,14880
69,2025-01-20,2025,4,FUN-B15,1097.0,0.0,0,14880,14880
70,2025-01-27,2025,5,FUN-B15,1255.0,0.0,0,14880,14880
71,2025-02-03,2025,6,FUN-B15,1342.0,0.0,1,14880,11192
72,2025-02-10,2025,7,FUN-B15,940.0,0.0,0,14880,14880
73,2025-02-17,2025,8,FUN-B15,916.0,0.0,0,14880,14880
74,2025-02-24,2025,9,FUN-B15,980.0,0.0,0,14880,14880
75,2025-03-03,2025,10,FUN-B15,1049.0,0.0,0,14880,14880
76,2025-03-10,2025,11,FUN-B15,1103.0,0.0,0,14880,14880
77,2025-03-17,2025,12,FUN-B15,1102.0,0.0,0,14880,14880
78,2025-03-24,2025,13,FUN-B15,1232.0,0.0,0,14880,14880
79,2025-03-31,2025,14,FUN-B15,1365.0,0.0,0,14880,14880
80,2025-04-07,2025,15,FUN-B15,1366.0,0.0,0,14880,14880
81,2025-04-14,2025,16,FUN-B15,1703.0,0.0,1,14880,10688
82,2025-04-21,2025,17,FUN-B15,892.0,0.0,0,14880,14880
83,2025-04-28,2025,18,FUN-B15,892.0,0.0,0,14880,14880
84,2025-05-05,2025,19,FUN-B15,842.0,0.0,0,14880,14880
85,2025-05-12,2025,20,FUN-B15,1080.0,0.0,0,14880,14880
86,2025-05-19,2025,21,FUN-B15,1173.0,0.0,0,14880,14880
87,2025-05-26,2025,22,FUN-B15,1081.0,0.0,0,14880,14880
88,2025-06-02,2025,23,FUN-B15,898.0,0.0,0,14880,14880
89,2025-06-09,2025,24,FUN-B15,915.0,0.0,0,14880,14880
90,2025-06-16,2025,25,FUN-B15,1356.0,0.0,1,14880,11927
91,2025-06-23,2025,26,FUN-B15,863.0,0.0,0,14880,14880
92,2025-06-30,2025,27,FUN-B15,931.0,0.0,0,14880,14880
93,2025-07-07,2025,28,FUN-B15,768.0,0.0,0,14880,14880
94,2025-07-14,2025,29,FUN-B15,752.0,0.0,0,14880,14880
95,2025-07-21,2025,30,FUN-B15,971.0,0.0,0,14880,14880
96,2025-07-28,2025,31,FUN-B15,997.0,0.0,0,14880,14880
97,2025-08-04,2025,32,FUN-B15,1312.0,0.0,0,14880,14880
98,2025-08-11,2025,33,FUN-B15,1231.0,0.0,0,14880,14880
99,2025-08-18,2025,34,FUN-B15,1337.0,0.0,0,14880,14880
100,2025-08-25,2025,35,FUN-B15,1235.0,0.0,0,14880,14880
101,2025-09-01,2025,36,FUN-B15,2113.0,0.0,1,14880,12124
102,2025-09-08,2025,37,FUN-B15,1090.0,0.0,0,14880,14880
103,2025-09-15,2025,38,FUN-B15,1016.0,0.0,0,14880,14880
104,2025-09-22,2025,39,FUN-B15,1180.0,0.0,0,14880,14880
105,2025-09-29,2025,40,FUN-B15,1442.0,0.0,0,14880,14880
106,2025-10-06,2025,41,FUN-B15,1193.0,0.0,0,14880,14880
107,2025-10-13,2025,42,FUN-B15,1339.0,0.0,0,14880,14880
108,2025-10-20,2025,43,FUN-B15,2483.0,0.0,1,14880,10911
109,2025-10-27,2025,44,FUN-B15,1333.0,0.0,0,14880,14880
110,2025-11-03,2025,45,FUN-B15,1786.0,0.0,0,14880,14880
111,2025-11-10,2025,46,FUN-B15,1616.0,0.0,0,14880,14880
112,2025-11-17,2025,47,FUN-B15,1460.0,0.0,0,14880,14880
113,2025-11-24,2025,48,FUN-B15,1675.0,0.0,0,14880,14880
114,2025-12-01,2025,49,FUN-B15,1409.0,0.0,0,14880,14880
115,2025-12-08,2025,50,FUN-B15,2988.0,1.0,1,14880,12446
116,2025-12-15,2025,51,FUN-B15,1239.0,0.0,0,14880,14880
117,2025-12-22,2025,52,FUN-B15,1707.0,0.0,0,14880,14880
118,2025-12-29,2026,1,FUN-B15,2205.0,0.0,0,14880,14880
119,2026-01-05,2026,2,FUN-B15,1754.0,0.0,0,14880,14880
120,2026-01-12,2026,3,FUN-B15,1977.0,0.0,0,14880,14880
121,2026-01-19,2026,4,FUN-B15,2044.0,0.0,0,14880,14880
122,2026-01-26,2026,5,FUN-B15,2988.0,1.0,1,14880,11204
123,2026-02-02,2026,6,FUN-B15,1662.0,0.0,0,14880,14880
124,2026-02-09,2026,7,FUN-B15,2145.0,0.0,0,14880,14880
125,2026-02-16,2026,8,FUN-B15,1836.0,0.0,0,14880,14880
126,2026-02-23,2026,9,FUN-B15,1912.0,0.0,0,14880,14880
127,2026-03-02,2026,10,FUN-B15,2058.0,0.0,0,14880,14880
128,2026-03-09,2026,11,FUN-B15,2979.0,0.0,1,14880,11675
129,2026-03-16,2026,12,FUN-B15,1809.0,0.0,0,14880,14880
130,2026-03-23,2026,13,FUN-B15,2072.0,0.0,0,14880,14880
131,2026-03-30,2026,14,FUN-B15,2024.0,0.0,0,14880,14880
132,2026-04-06,2026,15,FUN-B15,1359.0,0.0,0,14880,14880
133,2026-04-13,2026,16,FUN-B15,1608.0,0.0,0,14880,14880
134,2026-04-20,2026,17,FUN-B15,2006.0,0.0,0,14880,14880
135,2026-04-27,2026,18,FUN-B15,2976.0,0.0,1,14880,12637
136,2026-05-04,2026,19,FUN-B15,1448.0,0.0,0,14880,14880
137,2026-05-11,2026,20,FUN-B15,1963.0,0.0,0,14880,14880
138,2026-05-18,2026,21,FUN-B15,1556.0,0.0,0,14880,14880
139,2026-05-25,2026,22,FUN-B15,1287.0,0.0,0,14880,14880
140,2026-06-01,2026,23,FUN-B15,1601.0,0.0,0,14880,14880
141,2026-06-08,2026,24,FUN-B15,1383.0,0.0,0,14880,14880
142,2026-06-15,2026,25,FUN-B15,1649.0,0.0,0,14880,14880
143,2026-06-22,2026,26,FUN-B15,1355.0,0.0,0,14880,14880
144,2026-06-29,2026,27,FUN-B15,2210.0,0.0,1,14880,11171
145,2026-07-06,2026,28,FUN-B15,1144.0,0.0,0,14880,14880
146,2026-07-13,2026,29,FUN-B15,1233.0,0.0,0,14880,14880
147,2026-07-20,2026,30,FUN-B15,1706.0,0.0,0,14880,14880
148,2026-07-27,2026,31,FUN-B15,1441.0,0.0,0,14880,14880
149,2026-08-03,2026,32,FUN-B15,1468.0,0.0,0,14880,14880
150,2026-08-10,2026,33,FUN-B15,2164.0,0.0,1,14880,10853
151,2026-08-17,2026,34,FUN-B15,1180.0,0.0,0,14880,14880
152,2026-08-24,2026,35,FUN-B15,1390.0,0.0,0,14880,14880
153,2026-08-31,2026,36,FUN-B15,1208.0,0.0,0,14880,14880
154,2026-09-07,2026,37,FUN-B15,1611.0,0.0,0,14880,14880
155,2026-09-14,2026,38,FUN-B15,1239.0,0.0,0,14880,14880
156,2026-09-21,2026,39,FUN-B15,1409.0,0.0,0,14880,14880
1,2023-10-02,2023,40,FUN-B30,166.0,0.0,0,19840,19840
2,2023-10-09,2023,41,FUN-B30,158.0,2.0,0,19840,19840
3,2023-10-16,2023,42,FUN-B30,164.0,1.0,0,19840,19840
4,2023-10-23,2023,43,FUN-B30,177.0,1.0,0,19840,19840
5,2023-10-30,2023,44,FUN-B30,0.0,0.0,0,19840,19840
6,2023-11-06,2023,45,FUN-B30,193.0,4.0,1,19840,14209
7,2023-11-13,2023,46,FUN-B30,184.0,1.0,0,19840,19840
8,2023-11-20,2023,47,FUN-B30,0.0,0.0,0,19840,19840
9,2023-11-27,2023,48,FUN-B30,206.0,4.0,0,19840,19840
10,2023-12-04,2023,49,FUN-B30,0.0,0.0,0,19840,19840
11,2023-12-11,2023,50,FUN-B30,215.0,3.0,0,19840,19840
12,2023-12-18,2023,51,FUN-B30,0.0,0.0,0,19840,19840
13,2023-12-25,2023,52,FUN-B30,230.0,2.0,0,19840,19840
14,2024-01-01,2024,1,FUN-B30,0.0,0.0,0,19840,19840
15,2024-01-08,2024,2,FUN-B30,228.0,2.0,1,19840,16318
16,2024-01-15,2024,3,FUN-B30,146.0,0.0,0,19840,19840
17,2024-01-22,2024,4,FUN-B30,196.0,0.0,0,19840,19840
18,2024-01-29,2024,5,FUN-B30,221.0,1.0,0,19840,19840
19,2024-02-05,2024,6,FUN-B30,0.0,0.0,0,19840,19840
20,2024-02-12,2024,7,FUN-B30,0.0,0.0,0,19840,19840
21,2024-02-19,2024,8,FUN-B30,237.0,2.0,0,19840,19840
22,2024-02-26,2024,9,FUN-B30,196.0,0.0,0,19840,19840
23,2024-03-04,2024,10,FUN-B30,159.0,0.0,0,19840,19840
24,2024-03-11,2024,11,FUN-B30,233.0,3.0,1,19840,14235
25,2024-03-18,2024,12,FUN-B30,0.0,0.0,0,19840,19840
26,2024-03-25,2024,13,FUN-B30,199.0,0.0,0,19840,19840
27,2024-04-01,2024,14,FUN-B30,193.0,0.0,0,19840,19840
28,2024-04-08,2024,15,FUN-B30,227.0,2.0,0,19840,19840
29,2024-04-15,2024,16,FUN-B30,0.0,0.0,0,19840,19840
30,2024-04-22,2024,17,FUN-B30,212.0,2.0,0,19840,19840
31,2024-04-29,2024,18,FUN-B30,171.0,0.0,0,19840,19840
32,2024-05-06,2024,19,FUN-B30,146.0,0.0,0,19840,19840
33,2024-05-13,2024,20,FUN-B30,179.0,0.0,0,19840,19840
34,2024-05-20,2024,21,FUN-B30,187.0,2.0,0,19840,19840
35,2024-05-27,2024,22,FUN-B30,0.0,0.0,0,19840,19840
36,2024-06-03,2024,23,FUN-B30,186.0,3.0,1,19840,14326
37,2024-06-10,2024,24,FUN-B30,169.0,4.0,0,19840,19840
38,2024-06-17,2024,25,FUN-B30,98.0,0.0,0,19840,19840
39,2024-06-24,2024,26,FUN-B30,175.0,4.0,0,19840,19840
40,2024-07-01,2024,27,FUN-B30,174.0,1.0,0,19840,19840
41,2024-07-08,2024,28,FUN-B30,0.0,0.0,0,19840,19840
42,2024-07-15,2024,29,FUN-B30,0.0,0.0,0,19840,19840
43,2024-07-22,2024,30,FUN-B30,164.0,0.0,0,19840,19840
44,2024-07-29,2024,31,FUN-B30,0.0,0.0,1,19840,14860
45,2024-08-05,2024,32,FUN-B30,168.0,1.0,0,19840,19840
46,2024-08-12,2024,33,FUN-B30,0.0,0.0,0,19840,19840
47,2024-08-19,2024,34,FUN-B30,171.0,2.0,0,19840,19840
48,2024-08-26,2024,35,FUN-B30,0.0,0.0,0,19840,19840
49,2024-09-02,2024,36,FUN-B30,0.0,0.0,0,19840,19840
50,2024-09-09,2024,37,FUN-B30,167.0,0.0,0,19840,19840
51,2024-09-16,2024,38,FUN-B30,0.0,0.0,0,19840,19840
52,2024-09-23,2024,39,FUN-B30,0.0,0.0,0,19840,19840
53,2024-09-30,2024,40,FUN-B30,0.0,0.0,0,19840,19840
54,2024-10-07,2024,41,FUN-B30,0.0,0.0,1,19840,15761
55,2024-10-14,2024,42,FUN-B30,201.0,2.0,0,19840,19840
56,2024-10-21,2024,43,FUN-B30,195.0,2.0,0,19840,19840
57,2024-10-28,2024,44,FUN-B30,0.0,0.0,0,19840,19840
58,2024-11-04,2024,45,FUN-B30,0.0,0.0,0,19840,19840
59,2024-11-11,2024,46,FUN-B30,0.0,0.0,0,19840,19840
60,2024-11-18,2024,47,FUN-B30,229.0,2.0,0,19840,19840
61,2024-11-25,2024,48,FUN-B30,231.0,3.0,0,19840,19840
62,2024-12-02,2024,49,FUN-B30,0.0,0.0,0,19840,19840
63,2024-12-09,2024,50,FUN-B30,0.0,0.0,0,19840,19840
64,2024-12-16,2024,51,FUN-B30,0.0,0.0,1,19840,16121
65,2024-12-23,2024,52,FUN-B30,0.0,0.0,0,19840,19840
66,2024-12-30,2025,1,FUN-B30,0.0,0.0,0,19840,19840
67,2025-01-06,2025,2,FUN-B30,0.0,0.0,0,19840,19840
68,2025-01-13,2025,3,FUN-B30,245.0,0.0,0,19840,19840
69,2025-01-20,2025,4,FUN-B30,0.0,0.0,0,19840,19840
70,2025-01-27,2025,5,FUN-B30,0.0,0.0,0,19840,19840
71,2025-02-03,2025,6,FUN-B30,270.0,4.0,1,19840,14113
72,2025-02-10,2025,7,FUN-B30,220.0,0.0,0,19840,19840
73,2025-02-17,2025,8,FUN-B30,277.0,4.0,0,19840,19840
74,2025-02-24,2025,9,FUN-B30,260.0,2.0,0,19840,19840
75,2025-03-03,2025,10,FUN-B30,0.0,0.0,0,19840,19840
76,2025-03-10,2025,11,FUN-B30,148.0,0.0,0,19840,19840
77,2025-03-17,2025,12,FUN-B30,259.0,2.0,0,19840,19840
78,2025-03-24,2025,13,FUN-B30,0.0,0.0,0,19840,19840
79,2025-03-31,2025,14,FUN-B30,256.0,4.0,0,19840,19840
80,2025-04-07,2025,15,FUN-B30,0.0,0.0,1,19840,15152
81,2025-04-14,2025,16,FUN-B30,0.0,0.0,0,19840,19840
82,2025-04-21,2025,17,FUN-B30,263.0,2.0,0,19840,19840
83,2025-04-28,2025,18,FUN-B30,223.0,1.0,0,19840,19840
84,2025-05-05,2025,19,FUN-B30,0.0,0.0,0,19840,19840
85,2025-05-12,2025,20,FUN-B30,0.0,0.0,0,19840,19840
86,2025-05-19,2025,21,FUN-B30,227.0,2.0,0,19840,19840
87,2025-05-26,2025,22,FUN-B30,148.0,0.0,0,19840,19840
88,2025-06-02,2025,23,FUN-B30,205.0,0.0,0,19840,19840
89,2025-06-09,2025,24,FUN-B30,0.0,0.0,0,19840,19840
90,2025-06-16,2025,25,FUN-B30,0.0,0.0,0,19840,19840
91,2025-06-23,2025,26,FUN-B30,195.0,0.0,0,19840,19840
92,2025-06-30,2025,27,FUN-B30,197.0,5.0,1,19840,16047
93,2025-07-07,2025,28,FUN-B30,0.0,0.0,0,19840,19840
94,2025-07-14,2025,29,FUN-B30,151.0,0.0,0,19840,19840
95,2025-07-21,2025,30,FUN-B30,189.0,3.0,0,19840,19840
96,2025-07-28,2025,31,FUN-B30,182.0,0.0,0,19840,19840
97,2025-08-04,2025,32,FUN-B30,0.0,0.0,0,19840,19840
98,2025-08-11,2025,33,FUN-B30,226.0,0.0,0,19840,19840
99,2025-08-18,2025,34,FUN-B30,277.0,1.0,0,19840,19840
100,2025-08-25,2025,35,FUN-B30,266.0,3.0,1,19840,16252
101,2025-09-01,2025,36,FUN-B30,169.0,0.0,0,19840,19840
102,2025-09-08,2025,37,FUN-B30,292.0,3.0,0,19840,19840
103,2025-09-15,2025,38,FUN-B30,306.0,2.0,0,19840,19840
104,2025-09-22,2025,39,FUN-B30,0.0,0.0,0,19840,19840
105,2025-09-29,2025,40,FUN-B30,0.0,0.0,0,19840,19840
106,2025-10-06,2025,41,FUN-B30,0.0,0.0,0,19840,19840
107,2025-10-13,2025,42,FUN-B30,320.0,2.0,0,19840,19840
108,2025-10-20,2025,43,FUN-B30,301.0,2.0,0,19840,19840
109,2025-10-27,2025,44,FUN-B30,0.0,0.0,0,19840,19840
110,2025-11-03,2025,45,FUN-B30,0.0,0.0,0,19840,19840
111,2025-11-10,2025,46,FUN-B30,324.0,1.0,0,19840,19840
112,2025-11-17,2025,47,FUN-B30,0.0,0.0,1,19840,15052
113,2025-11-24,2025,48,FUN-B30,0.0,0.0,0,19840,19840
114,2025-12-01,2025,49,FUN-B30,0.0,0.0,0,19840,19840
115,2025-12-08,2025,50,FUN-B30,324.0,1.0,0,19840,19840
116,2025-12-15,2025,51,FUN-B30,0.0,0.0,0,19840,19840
117,2025-12-22,2025,52,FUN-B30,0.0,0.0,0,19840,19840
118,2025-12-29,2026,1,FUN-B30,0.0,0.0,0,19840,19840
119,2026-01-05,2026,2,FUN-B30,324.0,3.0,0,19840,19840
120,2026-01-12,2026,3,FUN-B30,324.0,5.0,1,19840,15133
121,2026-01-19,2026,4,FUN-B30,0.0,0.0,0,19840,19840
122,2026-01-26,2026,5,FUN-B30,0.0,0.0,0,19840,19840
123,2026-02-02,2026,6,FUN-B30,324.0,3.0,0,19840,19840
124,2026-02-09,2026,7,FUN-B30,324.0,2.0,0,19840,19840
125,2026-02-16,2026,8,FUN-B30,0.0,0.0,0,19840,19840
126,2026-02-23,2026,9,FUN-B30,0.0,0.0,0,19840,19840
127,2026-03-02,2026,10,FUN-B30,0.0,0.0,1,19840,16815
128,2026-03-09,2026,11,FUN-B30,0.0,0.0,0,19840,19840
129,2026-03-16,2026,12,FUN-B30,277.0,0.0,0,19840,19840
130,2026-03-23,2026,13,FUN-B30,324.0,5.0,0,19840,19840
131,2026-03-30,2026,14,FUN-B30,324.0,4.0,0,19840,19840
132,2026-04-06,2026,15,FUN-B30,0.0,0.0,0,19840,19840
133,2026-04-13,2026,16,FUN-B30,316.0,0.0,0,19840,19840
134,2026-04-20,2026,17,FUN-B30,0.0,0.0,0,19840,19840
135,2026-04-27,2026,18,FUN-B30,291.0,0.0,0,19840,19840
136,2026-05-04,2026,19,FUN-B30,324.0,4.0,1,19840,16582
137,2026-05-11,2026,20,FUN-B30,324.0,3.0,0,19840,19840
138,2026-05-18,2026,21,FUN-B30,0.0,0.0,0,19840,19840
139,2026-05-25,2026,22,FUN-B30,319.0,0.0,0,19840,19840
140,2026-06-01,2026,23,FUN-B30,0.0,0.0,0,19840,19840
141,2026-06-08,2026,24,FUN-B30,203.0,0.0,0,19840,19840
142,2026-06-15,2026,25,FUN-B30,0.0,0.0,0,19840,19840
143,2026-06-22,2026,26,FUN-B30,260.0,0.0,0,19840,19840
144,2026-06-29,2026,27,FUN-B30,308.0,2.0,0,19840,19840
145,2026-07-06,2026,28,FUN-B30,238.0,0.0,0,19840,19840
146,2026-07-13,2026,29,FUN-B30,288.0,3.0,1,19840,15130
147,2026-07-20,2026,30,FUN-B30,309.0,2.0,0,19840,19840
148,2026-07-27,2026,31,FUN-B30,0.0,0.0,0,19840,19840
149,2026-08-03,2026,32,FUN-B30,292.0,0.0,0,19840,19840
150,2026-08-10,2026,33,FUN-B30,294.0,0.0,0,19840,19840
151,2026-08-17,2026,34,FUN-B30,0.0,0.0,0,19840,19840
152,2026-08-24,2026,35,FUN-B30,0.0,0.0,1,19840,14445
153,2026-08-31,2026,36,FUN-B30,0.0,0.0,0,19840,19840
154,2026-09-07,2026,37,FUN-B30,0.0,0.0,0,19840,19840
155,2026-09-14,2026,38,FUN-B30,324.0,3.0,0,19840,19840
156,2026-09-21,2026,39,FUN-B30,0.0,0.0,0,19840,19840
