sku,familia,nombre_familia,sabor,formato_L,botellas_por_caja,litros_por_caja,linea_envasado,tasa_envasado_cajas_h,costo_variable_caja_clp,precio_lista_caja_clp,costo_inventario_caja_semana_clp,penalidad_atraso_caja_semana_clp
NEC-D05,NEC,Nectares con pulpa,Durazno,0.5,12,6.0,L1,180,3840,6620,95,1400
NEC-D15,NEC,Nectares con pulpa,Durazno,1.5,6,9.0,L2,210,5760,9930,95,1400
NEC-D30,NEC,Nectares con pulpa,Durazno,3.0,4,12.0,L2,130,7680,13240,95,1400
CIT-L05,CIT,Citricos gasificados,Limon,0.5,12,6.0,L1,180,2820,5320,95,1400
CIT-L15,CIT,Citricos gasificados,Limon,1.5,6,9.0,L2,210,4230,7980,95,1400
CIT-L30,CIT,Citricos gasificados,Limon,3.0,4,12.0,L2,130,5640,10640,95,1400
FUN-B05,FUN,Funcionales,Berries,0.5,12,6.0,L1,180,4860,9920,95,1400
FUN-B15,FUN,Funcionales,Berries,1.5,6,9.0,L2,210,7290,14880,95,1400
FUN-B30,FUN,Funcionales,Berries,3.0,4,12.0,L2,130,9720,19840,95,1400
